CID,RA,DEC,zCMB,MU_SH0ES,MU_SH0ES_ERR_DIAG,mu_model,resid_mu,resid_mu_err,n_025cdeg,n_050cdeg,n_100cdeg,n_200cdeg,n_300cdeg,n_500cdeg,log_rho_025,log_rho_050,log_rho_100,log_rho_200,log_rho_300,log_rho_500,rho_100_std,full_grad_logrho_logr,abs_full_grad,multiscale_var,best_window_abs_grad,graph_degree,neighbor_log_rho_mean,neighbor_log_rho_std,own_minus_neighbor,abs_own_minus_neighbor,neighbor_high_low_pairs,corridor_betweenness,graph_neck_score,abs_resid
000137,161.159,57.8111,0.11878,38.5629,0.212381,38.60345455023139,-0.0405545502313913,0.212381,11947,47060,184648,737925,1666617,4506377,4.784265323893882,4.7775712699028094,4.769197087299049,4.76880294847437,4.770443685898874,4.758737736653879,0.12624690923446452,-0.007118531188689762,0.007118531188689762,0.008676202130786974,0.006325006920864911,4,4.779443660647966,0.015086741495828497,-0.01024657334891721,0.01024657334891721,0.0,0.0,-1.0606121175262837,0.0405545502313913
000190,148.988,2.2635,0.10237,38.4085,0.187412,38.257946708289325,0.150553291710672,0.187412,16076,63668,256325,1024085,2259482,6363534,4.913175121725065,4.908838147421929,4.91164278766036,4.911126565036809,4.9026166959816635,4.908608555744089,0.22889311793748315,-0.001923188831655709,0.001923188831655709,0.0037200084919312764,0.001650744372234899,4,4.90422839232141,0.009206819559579655,0.007414395338949831,0.007414395338949831,0.0,0.0,-1.0676610265399842,0.150553291710672
000196,150.115,2.694,0.35066,41.2342,0.163121,41.22445868008809,0.0097413199119102,0.163121,17652,71443,263541,1006289,2265748,6320893,4.953788631171843,4.958875880433919,4.923699964747042,4.903513292890731,4.903819414853456,4.905688625999864,0.23758150595108884,-0.020739210814916698,0.020739210814916698,0.025539039587907902,0.039935665249669225,7,4.92545454834958,0.01063212635524866,-0.0017545836025378847,0.0017545836025378847,0.0,0.0,-1.0659523545494016,0.0097413199119102
000220,150.537,2.7186,0.21982,40.0616,0.124319,40.06846989984891,-0.0068698998489082,0.124319,16598,68292,262261,1002547,2273467,6291616,4.927052034895606,4.939286309618869,4.92158549610493,4.9018953109220815,4.905296463576692,4.903672395863963,0.23605782226682365,-0.011497111705770785,0.011497111705770785,0.015230099977016858,0.026971904196870688,2,4.91477460579058,0.021545968311493347,0.006810890314350004,0.006810890314350004,0.0,0.0,-1.0528687320500603,0.0068698998489082
000420,149.82,1.6135,0.31152,41.0123,0.141744,40.92756648694648,0.0847335130535285,0.141744,14969,65126,271318,1015284,2253335,6362278,4.882191910304844,4.91867119199518,4.93633033502333,4.9073781058660195,4.9014335730461775,4.908522828595941,0.24668293632131252,0.0031522871810900775,0.0031522871810900775,0.017995640782622956,0.008146239677436194,7,4.924336831739888,0.009789379831711603,0.011993503283441953,0.011993503283441953,0.0,0.0,-1.0669626474802318,0.0847335130535285
010026,160.674,58.8438,0.03174,35.6746,0.20211,35.611131894952905,0.0634681050470931,0.20211,10861,43649,180997,733460,1654685,4499760,4.7428799084183995,4.7448943666754175,4.760523903314484,4.766167162221158,4.767323210295246,4.75809956593414,0.11999702277849417,0.007496872649904929,0.007496872649904929,0.01048248516841907,0.015345078319842059,6,4.76243469170082,0.012448824116892071,-0.0019107883863362929,0.0019107883863362929,0.0,0.0,-1.0637744791683916,0.0634681050470931
020090,212.879,53.5796,0.40995,41.6836,0.279968,41.62040238271712,0.0631976172828814,0.279968,11031,44997,179633,749475,1642062,4561638,4.749624363129584,4.758103330003253,4.757238667960578,4.775547866244991,4.763997433273283,4.764031031641214,0.11762968594122748,0.0055523474053711195,0.0055523474053711195,0.008725572233302276,0.012583572963281225,7,4.759036974283234,0.017341648358171067,-0.0017983063226560958,0.0017983063226560958,0.0,0.0,-1.05790891270837,0.0631976172828814
020096,161.314,58.1927,0.22563,39.9865,0.175963,40.13196404296932,-0.1454640429693157,0.175963,12376,47946,182798,738444,1669475,4506658,4.799585500903346,4.785671557581492,4.764823942906798,4.769108290214884,4.771187797985002,4.758764816704578,0.12309562638888293,-0.011847659727307778,0.011847659727307778,0.015063762598222173,0.011947871845361412,8,4.783491646576297,0.017246243167940375,-0.018667703669499325,0.018667703669499325,0.0,0.0,-1.0580232854011817,0.1454640429693157
03D1au,36.0432,-4.0375,0.50309,42.1444,0.228687,42.14601286532552,-0.0016128653255194,0.228687,27353,111580,437570,1695136,3836750,10623901,5.143990952547397,5.152500367915884,5.1438986587360915,5.129994939366353,5.132571232849333,5.131194174534321,0.39625643290220874,-0.006601777601480218,0.006601777601480218,0.00910509426185053,0.016234235080745094,7,5.1322527137768335,0.014833682275931495,0.011645944959258081,0.011645944959258081,0.0,0.0008783982514310422,-0.9066887595786229,0.0016128653255194
03D1aw,36.0616,-4.5172,0.58073,42.7061,0.239821,42.51860366297305,0.1874963370269498,0.239821,26497,109486,429574,1704963,3824744,10549940,5.13018320571964,5.144272674673602,5.135889126072843,5.132505349355448,5.131210103425576,5.128160149504878,0.3904847728290718,-0.00233803362327307,0.00233803362327307,0.005783739492100063,0.00848833094051432,8,5.132640473052712,0.007531872162668032,0.0032486530201314423,0.0032486530201314423,0.0,0.010808512773001277,0.828059714195645,0.1874963370269498
03D1bp,36.6572,-4.8388,0.34594,41.3318,0.136683,41.19032803835758,0.1414719616424236,0.136683,26522,104589,417035,1718353,3788989,10498798,5.130592755251041,5.1244002816313365,5.123023673710109,5.135902774174761,5.127131076941865,5.126049739846159,0.3812139425763204,7.565806420576424e-05,7.565806420576424e-05,0.004718509246070793,0.008297294475130645,4,5.1300987101464885,0.0045221341347488914,-0.007075036436379634,0.007075036436379634,0.0,0.003202299468200295,-0.5110262182949636,0.1414719616424236
03D4dy,333.711,-17.9565,0.60826,42.5904,0.228388,42.63950192185747,-0.0491019218574706,0.228388,0,0,0,0,0,780932,0.706970109961791,0.10491011863382857,-0.4971498726941338,-1.0992098640220962,-1.4513923821334587,3.9975238938959317,-3.668676684716224,0.4126714628268038,0.4126714628268038,1.9766504001795115,0.8685889638065035,7,-0.49714987269413374,5.99588961666477e-17,-5.551115123125783e-17,5.551115123125783e-17,0.0,0.0,-1.0786982535788243,0.0491019218574706
03D4fd,334.06,-17.3956,0.78905,43.3837,0.271177,43.32368456709361,0.0600154329063897,0.271177,0,0,0,0,52038,1172847,0.706970109961791,0.10491011863382857,-0.4971498726941338,-1.0992098640220962,3.2649365602784832,4.1741518502389905,-3.668676684716224,1.099469768501098,1.099469768501098,2.129269874611538,0.8685889638065035,5,-0.4971498726941338,0.0,0.0,0.0,0.0,0.0,-1.0786982535788243,0.0600154329063897
040137,214.46,52.801,0.44756,41.8552,0.223954,41.84484757534799,0.0103524246520123,0.223954,10582,45124,179770,715443,1634386,4585988,4.731578906088349,4.759327333547543,4.757569761556396,4.755365781840601,4.761962517103562,4.766343127325823,0.11786827160755783,0.008633050125013355,0.008633050125013355,0.012250596183788858,0.002857655500915065,7,4.758825790127248,0.017451437706414132,-0.0012560285708520524,0.0012560285708520524,0.0,0.0,-1.0577772961435876,0.0103524246520123
040150,162.098,57.1482,0.38174,41.5615,0.198898,41.4391329145036,0.1223670854963998,0.198898,11734,48054,186818,751473,1675293,4539443,4.776453203896402,4.7866487002208595,4.774271170375193,4.776704095149846,4.772698650954877,4.761912781508761,0.12990328769368947,-0.0050416646094359275,0.0050416646094359275,0.007968990138788115,0.007173516209775344,3,4.778278803392797,0.029082140119860152,-0.004007633017604206,0.004007633017604206,0.0,0.0,-1.0438342941842604,0.1223670854963998
040201,184.46,47.4468,0.27987,40.5664,0.153331,40.6611242016092,-0.0947242016091962,0.153331,13286,51348,194083,772326,1681891,4580970,4.830397044966213,4.815442108948611,4.790839861570461,4.7885913537064,4.774405722699457,4.765867661101936,0.14184266761215364,-0.02132054863087592,0.02132054863087592,0.02448965433531148,0.01936872571603028,4,4.799400272602873,0.010169889104918927,-0.008560411032411785,0.008560411032411785,0.0,0.0,-1.066506489171535,0.0947242016091962
040780,243.62,54.7258,0.23066,40.0717,0.296847,40.185724173516704,-0.1140241735167038,0.296847,13745,53323,210719,820965,1830210,5059653,4.845146449534832,4.831832838384848,4.826555884923574,4.815115307326157,4.811108779101473,4.809030937641904,0.16757959317639676,-0.012210376470028081,0.012210376470028081,0.01399806219572904,0.012059149577140448,4,4.781051920734778,0.0330048705712515,0.04550396418879643,0.04550396418879643,0.0,0.0,-1.0391316858270532,0.1140241735167038
040782,242.077,54.9081,0.33739,41.0098,0.23724,41.127391564297135,-0.1175915642971361,0.23724,11969,49703,200593,807879,1806416,5014587,4.785064260368202,4.801301459238887,4.8051680659311335,4.808136992781992,4.805425629566263,4.805145375695792,0.15216755528103082,0.005858547862131814,0.005858547862131814,0.008439427274235634,0.0049307951722335226,8,4.811507813277804,0.016715964258540637,-0.006339747346670421,0.006339747346670421,0.0,0.0,-1.0586589890422795,0.1175915642971361
04D1ks,36.0396,-4.9787,0.79656,42.9026,0.372096,43.34872183934219,-0.4461218393421902,0.372096,26489,102937,421732,1710610,3809067,10518274,5.130052068259022,5.117485844648215,5.127887712568228,5.133941396389317,5.129426343680851,5.126854639876551,0.38471896341235595,0.0013778972544983743,0.0013778972544983743,0.005522600343728678,0.01187017144598998,2,5.130386305739311,0.0035743231241388363,-0.00249859317108303,0.00249859317108303,0.0,0.0,-1.0744133193975904,0.4461218393421902
04D1pp,36.302,-4.7016,0.73362,42.9845,0.195902,43.13143787158884,-0.1469378715888396,0.195902,25562,107296,421704,1709340,3804797,10525556,5.114581929987723,5.135497697993445,5.12785887762008,5.133618845653301,5.128939222517399,5.1271552060988475,0.38469818498171204,0.002668423450247091,0.002668423450247091,0.007340667901309497,0.0013553054768440738,3,5.128315427769589,0.004400067472938112,-0.00045655014950884976,0.00045655014950884976,0.0,0.0007934408886537954,-0.9341132590223846,0.1469378715888396
04D1qd,36.6378,-4.1072,0.7656,43.2369,0.225434,43.2439955810626,-0.0070955810626003,0.225434,26429,106185,426641,1681299,3804825,10587955,5.129067273093502,5.130977379978683,5.132913733858541,5.126435348953357,5.128942418534836,5.129722246484436,0.38834070860370085,-0.00047527680086739774,0.00047527680086739774,0.0021720569782167016,0.003276382817900913,3,5.126630475690103,0.0021526746332922063,0.006283258168438444,0.006283258168438444,0.0,0.0007934408886537954,-0.9368074559550079,0.0070955810626003
04D2cf,150.484,1.8795,0.37059,41.3759,0.163241,41.36404320495852,0.0118567950414814,0.163241,17212,68093,264455,1014580,2267038,6335425,4.9428266787147646,4.938018965029879,4.925203552082428,4.907076861027671,4.904066609249832,4.906685941204362,0.23866498926465876,-0.014537840298225004,0.014537840298225004,0.017137413303662977,0.02232000999932752,8,4.928172602206668,0.00661086306335289,-0.002969050124239203,0.002969050124239203,0.0,0.0,-1.0707730850577373,0.0118567950414814
04D2fp,149.867,2.321,0.41664,41.7295,0.149208,41.66168936418367,0.067810635816329,0.149208,19642,69108,268320,1011102,2257692,6346114,5.000177926607653,4.944444727452544,4.931504791134039,4.90558553494491,4.902272504317094,4.907418056460133,0.24320565491577073,-0.030293794969530014,0.030293794969530014,0.037387181674263914,0.028030982161856753,8,4.929099719385814,0.003826128862814928,0.0024050717482246853,0.0024050717482246853,0.0,0.0,-1.0741114521686883,0.067810635816329
04D2mh,149.941,2.141,0.59184,42.4508,0.255828,42.56803277595431,-0.1172327759543065,0.255828,18122,69678,270470,1012943,2257360,6348807,4.96520020041092,4.9480120278894875,4.934970834030722,4.906375572292531,4.90220863541619,4.90760231201762,0.24570328146149395,-0.022037743040340726,0.022037743040340726,0.025998492564006912,0.030034354004961093,6,4.929366148795082,0.0033367453900416096,0.005604685235639728,0.005604685235639728,0.0,0.0,-1.0746981299528136,0.1172327759543065
04D2mj,150.152,2.5771,0.51475,42.3259,0.402924,42.2052798829697,0.1206201170302989,0.402924,18419,71964,265309,1005881,2264897,6320641,4.972259735822621,4.96203144836255,4.926603746918694,4.903337172607729,4.90365626614271,4.905671311298636,0.2396739680616576,-0.025974661980970263,0.025974661980970263,0.03102677653857197,0.04233897028002528,6,4.929244641432401,0.0038533362714644214,-0.0026408945137070816,0.0026408945137070816,0.0,0.0,-1.074078835656063,0.1206201170302989
04D3do,214.442,52.2676,0.61064,42.6686,0.184238,42.64970903870903,0.0188909612909711,0.184238,12222,46890,183914,716165,1619821,4565091,4.7941479217229475,4.775999613259028,4.767467278792803,4.755803835001054,4.758074911010986,4.764359652900581,0.12500041120400088,-0.01075949690910829,0.01075949690910829,0.014129533246464104,0.01456817456983598,8,4.756525557532309,0.01576506989225702,0.010941721260493864,0.010941721260493864,0.0,0.0,-1.0597989306847446,0.0188909612909711
04D3ez,214.783,53.072,0.26348,40.3997,0.177345,40.51201101823731,-0.1123110182373068,0.177345,11119,43429,176993,717161,1643900,4601491,4.75307489720783,4.742699947996058,4.7508086715713,4.7564074056751755,4.764483277513199,4.7678087899472095,0.1129962378999084,0.006580224973150533,0.006580224973150533,0.009207511209475161,0.009887840608429331,5,4.7899822579595455,0.03532739121446792,-0.03917358638824542,0.03917358638824542,0.0,0.0,-1.0363474249348212,0.1123110182373068
04D3ks,215.64,52.1852,0.75068,42.9012,0.318716,43.19205787958993,-0.2908578795899288,0.318716,10901,44215,175870,708898,1631074,4603934,4.744476287653469,4.750489570207547,4.748044360292051,4.751374499697987,4.761081549070684,4.768039302110132,0.11100427835483098,0.006934063517993352,0.006934063517993352,0.008861114012023,0.0006383416936972936,7,4.755861039322474,0.007982677546428433,-0.007816679030423046,0.007816679030423046,0.0,0.0,-1.069128540184571,0.2908578795899288
04D4id,334.089,-17.229,0.76707,43.5587,0.25715,43.24905982367798,0.30964017632202,0.25715,0,0,0,0,91370,1296262,0.706970109961791,0.10491011863382857,-0.4971498726941338,-1.0992098640220962,3.5094159958931774,4.217603243517872,-3.668676684716224,1.142528255729642,1.142528255729642,2.1925906118407092,0.8685889638065035,5,-0.4971498726941338,0.0,0.0,0.0,0.0,0.0,-1.0786982535788243,0.30964017632202
04D4in,333.786,-17.261,0.51435,42.2259,0.196162,42.203267648026014,0.0226323519739892,0.196162,0,0,0,0,86835,1274335,0.706970109961791,0.10491011863382857,-0.4971498726941338,-1.0992098640220962,3.487307427836193,4.210194070735763,-3.668676684716224,1.1378777924457046,1.1378777924457046,2.1857859712184613,0.8685889638065035,6,-0.49714987269413374,6.080941944488117e-17,-5.551115123125783e-17,5.551115123125783e-17,0.0,0.0,-1.0786982535788243,0.0226323519739892
04D4ju,334.261,-17.3328,0.47039,42.2151,0.404516,41.97267093004389,0.2424290699561098,0.404516,0,0,0,0,62451,1216606,0.706970109961791,0.10491011863382857,-0.4971498726941338,-1.0992098640220962,3.3441539689042465,4.190060429571047,-3.668676684716224,1.1138195303948593,1.1138195303948593,2.150025667132263,0.8685889638065035,4,-0.4971498726941338,0.0,0.0,0.0,0.0,0.0,-1.0786982535788243,0.2424290699561098
050003,242.219,55.0048,0.42689,41.813,0.229539,41.72376753210033,0.0892324678996701,0.229539,12093,50444,200366,806756,1808583,5017991,4.789540074231714,4.807728245004146,4.804676323053774,4.8075328783193365,4.8059463023157365,4.80544008323326,0.15181320592622632,0.003922046649584399,0.003922046649584399,0.006930377446953494,0.00014092727366468366,6,4.7978036566805535,0.029270188075880808,0.006872666373220149,0.006872666373220149,0.0,0.0,-1.0436088604205858,0.0892324678996701
050005,211.812,53.9976,0.52851,42.0855,0.188829,42.27362253528853,-0.1881225352885209,0.188829,12098,48881,195292,754197,1643957,4552754,4.789719586689072,4.794059085328115,4.7935368042042885,4.778275512376708,4.764498335814343,4.763184398634319,0.14378608138841872,-0.010836131834235593,0.010836131834235593,0.014139497888403702,0.011385441212252092,8,4.75420689612778,0.010176790302414045,0.0393299080765086,0.0393299080765086,0.0,0.0,-1.0664982159472038,0.1881225352885209
050201,241.703,54.9809,0.55011,42.3253,0.19588,42.377604486296505,-0.0523044862965065,0.19588,12930,50409,197924,801056,1798329,5001012,4.818602221670392,4.807426816071979,4.799350780917616,4.804453555813355,4.803477007170657,4.803968102119894,0.14797562635605913,-0.0040469265107292455,0.0040469265107292455,0.006598137325799796,0.002144753915194773,2,4.808942045044182,0.006032641892148273,-0.009591264126565413,0.009591264126565413,0.0,0.0,-1.0714662623600566,0.0523044862965065
050203,242.793,55.1223,0.57609,42.4887,0.202103,42.49769496432906,-0.0089949643290623,0.202103,12797,50374,204341,806311,1818304,5034409,4.8141122157948635,4.807125177782995,4.81320776703459,4.807293259246191,4.808274350826772,4.806858700026306,0.157960954697665,-0.001854279374786402,0.001854279374786402,0.003286502225425276,0.00012124514670953234,1,4.799350780917616,0.0,0.013856986116973502,0.013856986116973502,0.0,0.0,-1.0786982535788243,0.0089949643290623
050296,243.451,55.6085,0.35087,41.2532,0.161378,41.22596731692202,0.0272326830779761,0.161378,12360,50441,201132,803715,1825116,5037188,4.799023716387266,4.807702416434635,4.806333458678999,4.805892750122055,4.809898328207347,4.807098364928739,0.15300733596177427,0.0022662443160815027,0.0022662443160815027,0.003690322137936451,0.0013053983074114547,7,4.812923702631529,0.01747692768882394,-0.006590243952529384,0.006590243952529384,0.0,0.0,-1.0577467384986536,0.0272326830779761
050301,244.724,55.7829,0.34704,41.1174,0.244272,41.19832050921708,-0.0809205092170799,0.244272,12899,51565,204832,812252,1832890,5076589,4.81755982026104,4.817273562910376,4.814250053063623,4.81048146003437,4.811744256584311,4.810482208584084,0.1587120248176688,-0.002707274536437629,0.002707274536437629,0.003239796450304994,0.00489946656821097,8,4.810372564886243,0.016811248078686596,0.003877488177380428,0.003877488177380428,0.0,0.0,-1.0585447618491348,0.0809205092170799
050303,241.437,56.0744,0.32829,41.3079,0.308428,41.05876672249343,0.2491332775065657,0.308428,10965,44772,190227,775943,1800400,4969306,4.747018351509253,4.755926313749797,4.782124569194881,4.790620515266283,4.803976863354023,4.801205946590349,0.13556243789779568,0.02035585593848964,0.02035585593848964,0.023702725156914184,0.025026576237717837,8,4.815614641825192,0.011711180676084301,-0.03349007263031112,0.03349007263031112,0.0,0.0,-1.064658773476238,0.2491332775065657
050607,213.514,53.3622,0.43926,41.8262,0.202784,41.79686616687528,0.0293338331247241,0.202784,11242,44145,177019,743934,1633685,4574996,4.757852320625821,4.749801477586448,4.75087246371822,4.772325127472004,4.761776205208765,4.765300932252935,0.11304220644799169,0.0046219642226436215,0.0046219642226436215,0.008653123051925386,0.016247378996305212,7,4.759782546961274,0.01712323270419066,-0.008910083243054423,0.008910083243054423,0.0,0.0,-1.0581707515709893,0.0293338331247241
05D1cb,36.7377,-4.1176,0.63071,42.6632,0.202856,42.73431252251416,-0.0711125225141557,0.202856,26515,105929,425401,1681449,3802339,10583678,5.130478120307283,5.129929090916588,5.1316496546848045,5.126474093535815,5.128658566146062,5.129546777983834,0.38742981459738535,-0.0007109047726693409,0.0007109047726693409,0.0017672902055763013,0.002492253793762891,8,5.130152543423062,0.006872847194011415,0.0014971112617425675,0.0014971112617425675,0.0,0.002055743688053851,-0.7095172428021183,0.0711125225141557
05D1ee,36.1948,-4.0005,0.55775,42.4389,0.195189,42.41346531451403,0.025434685485969,0.195189,27814,109264,436384,1688138,3828830,10621613,5.151249174238638,5.143391188716155,5.142719941336771,5.128198339196233,5.131673815400643,5.131100633310994,0.39540705049287195,-0.007360655479360684,0.007360655479360684,0.00906155963477136,0.010959324329681752,8,5.133820180794079,0.0067892765169807945,0.008899760542691482,0.008899760542691482,0.0,0.00538062002549412,-0.1258448657343797,0.025434685485969
05D1hm,36.9426,-4.7173,0.58575,42.707,0.37297,42.5410476974579,0.1659523025421023,0.37297,25647,102940,420106,1709987,3784443,10510591,5.11602361497186,5.117498501436385,5.126210045301954,5.133783198678789,5.1266097010503335,5.126537296611891,0.3835100382997593,0.004493731685706176,0.004493731685706176,0.006611422442790718,0.011746925976997216,8,5.133154382652764,0.007241831781993306,-0.006944337350810237,0.006944337350810237,0.0,0.0005514862796627645,-0.9731882425903947,0.1659523025421023
05D1ix,36.0832,-4.67,0.48881,42.0842,0.199732,42.07165072364906,0.0125492763509456,0.199732,26876,107109,427471,1708747,3816608,10535398,5.136350901272274,5.134740137944487,5.133757800419787,5.133468155235144,5.130285287943924,5.127561106628912,0.38894894200200675,-0.002638748040454726,0.002638748040454726,0.0032074626460859854,0.0009175415734323707,8,5.133306474702373,0.01445660504134421,0.0004513257174139085,0.0004513257174139085,0.0,0.004214220901538508,-0.32144631788956834,0.0125492763509456
05D1ke,36.6929,-4.8625,0.68867,42.8137,0.226508,42.96498658679509,-0.151286586795095,0.226508,26935,104564,418113,1719492,3786268,10495316,5.1373032133418235,5.124296460426017,5.1241448368819995,5.136190548140844,5.126819083560231,5.12590567915793,0.38202185147522094,-0.0016885524022577955,0.0016885524022577955,0.006010023045641591,0.008579770681039808,6,5.130337273168024,0.004610353706661988,-0.006192436286024616,0.006192436286024616,0.0,0.0047228624324630675,-0.24394423334348647,0.151286586795095
05D2ac,149.747,2.4895,0.48071,41.9748,0.139221,42.02856228366798,-0.0537622836679787,0.139221,17004,67448,265716,1010754,2267851,6342880,4.937546746230532,4.933885633832244,4.927269467828349,4.905436034355655,4.904222326958403,4.907196682226131,0.24015368578747948,-0.012679348202238613,0.012679348202238613,0.0153311649807372,0.020522048040075767,8,4.929789266651148,0.0034936456035161503,-0.0025197988227985135,0.0025197988227985135,0.0,0.0,-1.0745100364133067,0.0537622836679787
05D2bt,150.418,2.5662,0.68195,42.8376,0.239367,42.93921201426994,-0.1016120142699392,0.239367,17867,71237,264931,1002973,2269500,6307708,4.959046053761592,4.957621836820367,4.925984545339157,4.902079810969524,4.904537996306672,4.904781768000682,0.23922777211189414,-0.022165261676965448,0.022165261676965448,0.026737077041150387,0.040065102627969064,3,4.9329891893739655,0.0027732955554122473,-0.007004644034808827,0.007004644034808827,0.0,0.0,-1.0753735992296423,0.1016120142699392
05D2bv,150.571,2.2406,0.47572,41.938,0.177112,42.00167869693727,-0.0636786969372664,0.177112,18564,70221,264545,1010183,2263181,6326678,4.9756650635239685,4.9513833131250875,4.925351326585165,4.9051906215492656,4.90332709820989,4.906085918627156,0.23877147540225663,-0.025083315352047875,0.025083315352047875,0.029781988919892352,0.03332098353087586,7,4.929323062917377,0.0026994730763664674,-0.003971736332212039,0.003971736332212039,0.0,0.0,-1.0754620983532024,0.0636786969372664
05D2cb,149.852,2.3282,0.42865,41.8825,0.403543,41.73428724024453,0.1482127597554736,0.403543,19596,68966,268124,1011141,2258503,6345925,4.99915970258529,4.94355145362984,4.931187436834666,4.905602286114819,4.902428481936586,4.907405122109057,0.24297696977073932,-0.029879212255476354,0.029879212255476354,0.03693117876624295,0.027374537889892497,6,4.927613789457126,0.0027911050232321886,0.0035736473775394018,0.0035736473775394018,0.0,0.0,-1.075352249062139,0.1482127597554736
05D2dw,149.634,2.0322,0.41864,41.6174,0.202099,41.673912761206495,-0.0565127612064912,0.202099,16389,67582,267786,1019690,2257660,6353568,4.92154906353229,4.934747584772438,4.930639617213732,4.909258722126182,4.902266348687471,4.90792786937199,0.24258221157867488,-0.008722846536487605,0.008722846536487605,0.013249984647622736,0.018386327868826692,6,4.927705092727282,0.0029160466559046286,0.0029345244864495967,0.0029345244864495967,0.0,0.0,-1.0752024677877818,0.0565127612064912
05D2dy,150.242,2.1831,0.51175,42.3885,0.227281,42.19015224410255,0.1983477558974513,0.227281,19082,72461,268838,1008161,2258105,6343724,4.9876167602579855,4.965020435317951,4.93234239859312,4.904320459806746,4.90235194258329,4.907254466718416,0.24380923389244713,-0.030224025410388978,0.030224025410388978,0.035869893241440416,0.043785776826048325,6,4.928288199486664,0.0036367716270689246,0.004054199106455769,0.004054199106455769,0.0,0.0,-1.0743384555099453,0.1983477558974513
05D2ec,149.859,2.0136,0.6419,42.8476,0.256941,42.780379072206586,0.0672209277934143,0.256941,16152,68118,269976,1013786,2260165,6351110,4.915223303034476,4.938178382444803,4.934176894433166,4.90673685385319,4.902747955348662,4.907759821715562,0.24513116949587044,-0.007901578190018157,0.007901578190018157,0.01509457954272424,0.02268026868854382,3,4.930258406342628,0.0045091686223384655,0.003918488090537409,0.003918488090537409,0.0,0.0,-1.0732926172981196,0.0672209277934143
05D2hc,150.019,1.886,0.35157,41.4798,0.209505,41.230990084835824,0.2488099151641734,0.209505,15638,68027,271016,1010720,2261290,6354284,4.901179089608473,4.937597821672424,4.93584666089109,4.9054214252162085,4.902964072101391,4.907976808374496,0.2463344012950098,-0.004364917892757886,0.004364917892757886,0.01686439006930276,0.023210363800529422,8,4.924692491679632,0.009298961695893938,0.01115416921145762,0.01115416921145762,0.0,0.0,-1.0675505656287254,0.2488099151641734
05D2he,150.361,2.3177,0.60987,42.6876,0.321483,42.64641086924567,0.0411891307543328,0.321483,19185,72818,267281,1006542,2258961,6331340,4.989954550095746,4.9671548292457075,4.929819839658008,4.903622468867575,4.902516543196325,4.90640582347265,0.2419914808099579,-0.031243650839412027,0.031243650839412027,0.03720122341283002,0.04582891062675086,5,4.9308156838629715,0.004241879876300352,-0.0009958442049633476,0.0009958442049633476,0.0,0.0,-1.0736130457105437,0.0411891307543328
05D2mp,149.786,2.204,0.35527,41.4647,0.223042,41.2573863799696,0.2073136200304048,0.223042,18567,68042,268370,1015089,2256575,6348537,4.975735237409652,4.937693571938901,4.93158571175204,4.907294685390263,4.902057582722397,4.907583842093255,0.24326396622051802,-0.02305173415644266,0.02305173415644266,0.027921013533278232,0.02192816143613312,8,4.925225110322014,0.009855559469785979,0.006360601430025703,0.006360601430025703,0.0,0.0,-1.066883310670593,0.2073136200304048
05D3cf,214.223,52.3451,0.41956,41.7981,0.235757,41.67951732114776,0.1185826788522419,0.235757,12282,46932,184027,717571,1623891,4563661,4.796274561809661,4.7763884342314515,4.76773403357818,4.756655619967758,4.759164760158567,4.764223590275999,0.12519263439713976,-0.011175783527816235,0.011175783527816235,0.014595264236777131,0.014234216640506607,7,4.7575376363378625,0.016912793835831295,0.010196397240317623,0.010196397240317623,0.0,0.0,-1.0584230277835127,0.1185826788522419
05D3jb,215.542,52.8781,0.74566,43.1675,0.195179,43.17435896307977,-0.0068589630797717,0.195179,10677,43331,176303,709553,1643217,4607165,4.735460026483681,4.74171885310828,4.749112293026747,4.75177558863906,4.764302801457779,4.7683439791576605,0.11177382946159235,0.010957342090282126,0.010957342090282126,0.012695437500789037,0.007254401238894002,7,4.755708477503231,0.008141773082906591,-0.006596184476483913,0.006596184476483913,0.0,0.0,-1.0689378148699702,0.0068589630797717
05D3lr,215.551,53.1843,0.6006,42.6116,0.278838,42.60639158042777,0.0052084195722343,0.278838,10973,43589,174153,712207,1648963,4614629,4.747335065821852,4.744296987651513,4.743783581167463,4.753396983631699,4.765818792145375,4.769047003757377,0.10793396579256669,0.00826753978304513,0.00826753978304513,0.011039814965350298,0.006564259536362134,8,4.759486019735476,0.015245657984972223,-0.015702438568013122,0.015702438568013122,0.0,0.0,-1.0604216068554113,0.0052084195722343
05D3mh,214.749,52.6676,0.67065,43.0677,0.274795,42.895318492530166,0.1723815074698365,0.274795,10730,44335,180684,711216,1633053,4583207,4.737610304830423,4.751666627071985,4.75977222736195,4.752792264870819,4.761608163603992,4.766079685938053,0.11945536594711806,0.007839213241766799,0.007839213241766799,0.010075231587617795,0.0008119760351076589,8,4.75351357577471,0.007872063707222174,0.006258651587240038,0.006258651587240038,0.0,0.0,-1.0692611451573368,0.1723815074698365
05D3mn,214.689,52.3231,0.76069,43.0667,0.201161,43.22701205278786,-0.1603120527878658,0.201161,11719,46501,181507,713195,1619948,4570446,4.7758977216438625,4.772381750454643,4.761745898712641,4.753999034722949,4.758108959960267,4.764868795758371,0.12087759126427637,-0.005473767815604278,0.005473767815604278,0.008376954063064374,0.013260326412092778,5,4.753214975375291,0.004827775981043813,0.00853092333735006,0.00853092333735006,0.0,0.0,-1.0729106676214133,0.1603120527878658
05D4ag,333.448,-18.1653,0.63823,42.6594,0.367516,42.76535529798218,-0.1059552979821845,0.367516,0,0,0,0,0,655151,0.706970109961791,0.10491011863382857,-0.4971498726941338,-1.0992098640220962,-1.4513923821334587,3.9212521897751356,-3.668676684716224,0.3960873254831827,0.3960873254831827,1.9481054376419222,0.8685889638065035,7,-0.49714987269413374,5.99588961666477e-17,-5.551115123125783e-17,5.551115123125783e-17,0.0,0.0,-1.0786982535788243,0.1059552979821845
05D4bj,333.749,-18.1334,0.69916,42.9402,0.338462,43.00474388561084,-0.0645438856108384,0.338462,0,0,0,0,0,670958,0.706970109961791,0.10491011863382857,-0.4971498726941338,-1.0992098640220962,-1.4513923821334587,3.931606101369466,-3.668676684716224,0.39833862816355997,0.39833862816355997,1.9519757762108902,0.8685889638065035,6,-0.49714987269413374,6.080941944488117e-17,-5.551115123125783e-17,5.551115123125783e-17,0.0,0.0,-1.0786982535788243,0.0645438856108384
05D4ev,333.377,-17.7008,0.72013,43.1612,0.243162,43.08253563256257,0.0786643674374332,0.243162,0,0,0,0,8839,956380,0.706970109961791,0.10491011863382857,-0.4971498726941338,-1.0992098640220962,2.495059882879614,4.085541058226122,-3.668676684716224,0.9743612922674362,0.9743612922674362,1.9638753594399083,0.8685889638065035,6,-0.49714987269413374,6.080941944488117e-17,-5.551115123125783e-17,5.551115123125783e-17,0.0,0.0,-1.0786982535788243,0.0786643674374332
05D4ff,334.084,-18.0426,0.40048,41.4918,0.158339,41.56087674537349,-0.0690767453734935,0.158339,0,0,0,0,0,728679,0.706970109961791,0.10491011863382857,-0.4971498726941338,-1.0992098640220962,-1.4513923821334587,3.967446968289214,-3.668676684716224,0.40613168676062733,0.40613168676062733,1.9653845989226295,0.8685889638065035,2,-0.4971498726941338,0.0,0.0,0.0,0.0,0.0,-1.0786982535788243,0.0690767453734935
06D3bz,214.292,53.0248,0.72767,43.008,0.257091,43.10997610539723,-0.1019761053972274,0.257091,11466,44944,178033,725067,1635417,4594291,4.766419922469752,4.7575915033974026,4.753353076818845,4.7611688744660094,4.7622363913105445,4.767128712879572,0.11482973341014224,0.0009031315623323615,0.0009031315623323615,0.005253312120756091,0.002580527750049409,8,4.754315969592598,0.008174699488908263,-0.0009628927737530546,0.0009628927737530546,0.0,0.0,-1.0688983423663263,0.1019761053972274
06D3do,214.247,52.8825,0.72667,43.0811,0.248363,43.10635253857959,-0.0252525385795934,0.248363,11098,45393,179036,721399,1634169,4586291,4.752253961356926,4.7619085719514205,4.755792919376862,4.758966273960248,4.761904851349096,4.766371820565392,0.11658788116593607,0.0033909047165181735,0.0033909047165181735,0.0050066410427911,0.002122419360340833,8,4.754010989272846,0.008157219939614548,0.0017819301040162827,0.0017819301040162827,0.0,0.0,-1.0689192970242125,0.0252525385795934
06D3et,215.52,52.3384,0.57661,42.4263,0.166843,42.50004607837036,-0.0737460783703625,0.166843,11130,44125,176180,707132,1633092,4600417,4.75350429271276,4.749604679286043,4.748809198010266,4.750291241053153,4.7616185351425635,4.767707412673213,0.11155541953949788,0.004685421321774512,0.004685421321774512,0.007703707191447439,0.0004952496283368722,8,4.760268514124603,0.015090318101664585,-0.011459316114337703,0.011459316114337703,0.0,0.0,-1.0606078298555643,0.0737460783703625
06D3fp,215.077,52.8972,0.26848,40.4553,0.240404,40.55838711729739,-0.1030871172973917,0.240404,10422,43244,178567,712604,1641959,4597105,4.724962847728224,4.740846020077718,4.754653761765563,4.7536390012351,4.763970190874767,4.767394636455127,0.1157670054945857,0.013416554281911384,0.013416554281911384,0.015737302313809032,0.009228185236970584,5,4.776997584817542,0.03596054173839085,-0.022343823051978795,0.022343823051978795,0.0,0.0,-1.0355883977770635,0.1030871172973917
090201,353.328,-0.9507,0.50817,42.0193,0.184312,42.171990754748165,-0.1526907547481641,0.184312,27283,116275,455610,1655658,3400653,8408488,5.142878150820901,5.170400201864593,5.161444328186219,5.119761030221411,5.080170064696385,5.029628079007284,0.4088998222333277,-0.03953166941332036,0.03953166941332036,0.05383978221929104,0.03652844090217232,1,5.1703339000009425,0.0,-0.008889571814723496,0.008889571814723496,0.0,0.0,-1.0786982535788243,0.1526907547481641
091869,351.908,-1.7625,0.28843,40.7458,0.165419,40.73582531589023,0.0099746841097712,0.165419,24436,91728,343589,1436071,3191476,8288916,5.095017998790227,5.067416777628734,5.038890642744414,5.057966350549099,5.052599336815954,5.0234079095400626,0.32058777672212185,-0.01826286456135048,0.01826286456135048,0.024588902600268196,0.006817042141036696,7,5.139286693555663,0.012248427399955596,-0.10039605081124936,0.10039605081124936,0.0,0.00012100398957517952,-1.0427691719867713,0.0099746841097712
100090,131.828,43.4081,0.17282,39.7263,0.252568,39.488649216126575,0.2376507838734269,0.252568,12511,47614,189074,766900,1725851,4832416,4.804296845677563,4.78265390729997,4.779484236374012,4.785529440045878,4.7856111680295035,4.789074522099746,0.1336598170879789,-0.0033178006165353424,0.0033178006165353424,0.008710306567819204,0.002074258416217819,5,4.776712143505005,0.01221987501485262,0.0027720928690069258,0.0027720928690069258,0.0,0.0,-1.0640489456335152,0.2376507838734269
100101,132.141,43.9852,0.42967,41.9219,0.19807,41.74036552575,0.1815344742500002,0.19807,11738,46417,181032,737473,1715913,4803769,4.7766012125821335,4.771596542826199,4.760607875719686,4.7685368496374965,4.78310313549264,4.7864923242501956,0.12005753319760729,0.0037146919898191195,0.0037146919898191195,0.009583575287654576,0.0022071020949913185,4,4.763647310028446,0.0194667930819037,-0.0030394343087598585,0.0030394343087598585,0.0,0.0,-1.0553612680353708,0.1815344742500002
100358,352.444,0.5905,0.36613,41.136,0.226225,41.33342036919453,-0.1974203691945248,0.226225,27228,112512,443862,1667558,3475381,8459797,5.142001801890935,5.156112823321978,5.150099071462669,5.122871344636137,5.089610165317622,5.0322701118699324,0.40072444321886097,-0.03477486658919634,0.03477486658919634,0.04733006868160824,0.023978658225939205,3,5.1249452394500095,0.014538044684109378,0.025153832012659194,0.025153832012659194,0.0,0.0,-1.061269900732226,0.1974203691945248
10550,349.675,-1.2049,0.29923,41.0113,0.341681,40.82720813664015,0.1840918633598463,0.341681,31803,121286,442575,1551366,3346995,8389234,5.209451854747491,5.1887243726675525,5.148837986625593,5.091504685062136,5.073262811198634,5.028632478696596,0.3998157069281177,-0.06171559886492856,0.06171559886492856,0.07047158066878056,0.07012918059255402,8,5.124620140224966,0.03594908485705321,0.024217846400627074,0.024217846400627074,0.0,0.0027242651942814074,-0.5572832080871613,0.1840918633598463
110426,130.013,44.8943,0.54089,42.2791,0.233447,42.33369777601487,-0.0545977760148659,0.233447,12000,46262,182383,739287,1669701,4764001,4.786187545708358,4.770143910518516,4.763836863620104,4.769603792836751,4.7712465852392665,4.78288205376799,0.12238433818424482,-0.0009356810549660521,0.0009356810549660521,0.008631247942895692,0.00038961255048923315,1,4.760607875719686,0.0,0.0032289879004174793,0.0032289879004174793,0.0,0.0,-1.0786982535788243,0.0545977760148659
110716,128.986,43.4945,0.31577,41.2033,0.233304,40.961422221859536,0.2418777781404628,0.233304,12518,48755,193978,757194,1708947,4826453,4.804539749393162,4.792938187007865,4.790604843433134,4.779997873494202,4.781336466042727,4.788538290002932,0.14167331381128853,-0.006346419014867404,0.006346419014867404,0.008910020394276425,0.009334463066854691,4,4.761882089028278,0.017717155544721804,0.028722754404856055,0.028722754404856055,0.0,0.0,-1.0574587509510058,0.2418777781404628
120094,150.526,2.0878,0.45169,41.9923,0.154715,41.86841475863869,0.1238852413613074,0.154715,18222,69881,264766,1014077,2265125,6331138,4.967589985134163,4.949275444488716,4.925713981899045,4.90686149695823,4.903699982971565,4.906391967184569,0.23903280440651103,-0.022522331155202406,0.022522331155202406,0.026523660431056435,0.03059519588337834,7,4.9292712550153945,0.0027824858377877228,-0.0035572731163497906,0.0035572731163497906,0.0,0.0,-1.0753625818275445,0.1238852413613074
120143,163.682,58.6266,0.1736,39.3493,0.151501,39.499412438629456,-0.1501124386294563,0.151501,11103,42989,181578,753083,1656608,4527023,4.75244956307257,4.738277563750835,4.761915747308752,4.777633556669771,4.7678276343242665,4.760722915545679,0.12099998396830412,0.0074768612437192405,0.0074768612437192405,0.013454002229183724,0.028389347906705057,8,4.776584264139007,0.010871691284055575,-0.014668516830255385,0.014668516830255385,0.0,0.0,-1.0656651617253567,0.1501124386294563
1258940,42.7148,-0.5251,0.42594,41.7517,0.175449,41.71807251599999,0.0336274840000072,0.175449,23109,95552,385520,1595867,3566329,9409863,5.0707700554409,5.085154445430331,5.088898167113644,5.103787102414668,5.100829144745166,5.078493465283576,0.35662314156714964,0.0055738183412222435,0.0055738183412222435,0.012727669639593292,0.013440620914944308,4,5.127221206405933,0.018510767347534457,-0.03832303929228864,0.03832303929228864,0.0,0.005383699559298905,-0.11125232971461962,0.0336274840000072
1259412,36.3454,-5.3241,0.30477,40.9018,0.140115,40.87290907679695,0.0288909232030505,0.140115,25641,102434,411536,1716915,3788054,10464280,5.115922005812052,5.115358490407915,5.117259014663285,5.135539183830216,5.127023893906093,5.124619511990823,0.37705993586273634,0.004903809582437872,0.004903809582437872,0.007957769176336478,0.014557293161026927,7,5.1279235878726315,0.004913770867541241,-0.010664573209346884,0.010664573209346884,0.0,0.0060302156990450825,-0.014039034544345297,0.0288909232030505
1261579,36.1196,-4.9673,0.32214,40.8774,0.138773,41.011386356314574,-0.1339863563145726,0.138773,26974,103118,421099,1711686,3804521,10515437,5.137931563316739,5.118248811414127,5.127235368726131,5.134214488257954,5.128907717658342,5.126737485720018,0.38424888518611156,-0.0007667114990762645,0.0007667114990762645,0.006792726675820398,0.01151680140351232,8,5.130690994165965,0.006900810582357893,-0.0034556254398339092,0.0034556254398339092,0.0,0.0006511253006889082,-0.9561027193405717,0.1339863563145726
1263369,43.2295,-0.5418,0.31252,40.9565,0.149709,40.935570731084006,0.0209292689159923,0.149709,21672,88993,373876,1553481,3446851,9164852,5.042889140952504,5.05427084601211,5.075578876545884,5.092096361482664,5.086030254055682,5.067035622105459,0.34702527602310973,0.012068759882150459,0.012068759882150459,0.018797874187003315,0.027285341794218525,2,5.088932821024538,0.015778552842432028,-0.0133539444786539,0.0133539444786539,0.0,0.0,-1.0597827671897102,0.0209292689159923
1279500,36.9257,-4.3149,0.23471,40.2784,0.167703,40.22822806175505,0.0501719382449508,0.167703,25878,103173,420967,1685693,3793178,10559202,5.1199176005491545,5.118480386863325,5.127099211379977,5.127568876982696,5.127610955396115,5.128541257876636,0.38415077035825546,0.003456906558699878,0.003456906558699878,0.004440669028284078,0.006555959812192496,7,5.138606432950153,0.009745581126157539,-0.011507221570176362,0.011507221570176362,0.0,0.03566330259359397,5.194648567421589,0.0501719382449508
1283878,37.1332,-4.0413,0.31287,41.0195,0.203499,40.93836663160134,0.0811333683986603,0.203499,25186,102912,416365,1676276,3791783,10576992,5.108146552130994,5.117380357066411,5.122325385571703,5.125135922128581,5.1274512075346985,5.129272335565122,0.3807107569427219,0.006695784507725412,0.006695784507725412,0.007809338723603247,0.0055944576272421095,8,5.12929476345001,0.008368440532952064,-0.0069693778783070925,0.0069693778783070925,0.0,0.004002353204180401,-0.36594401264728876,0.0811333683986603
12860,323.694,1.1759,0.12042,38.7926,0.252257,38.63546571537832,0.1571342846216765,0.252257,32501,125633,479079,1792735,3945143,9915645,5.218880195932638,5.204017305918452,5.183258168189186,5.154306475632213,5.144670477696907,5.101231132192408,0.4246188503814523,-0.037209245432189696,0.037209245432189696,0.04314688186436838,0.03585878416621496,7,5.12029432067341,0.06082628382889323,0.06296384751577566,0.06296384751577566,0.0,0.00019471327274394966,-0.9715918821640852,0.1571342846216765
1287626,35.9318,-5.9612,0.30396,40.719,0.22209,40.86627526769084,-0.1472752676908371,0.22209,23985,104605,416307,1678855,3799756,10436621,5.0869279393064915,5.124466714179989,5.12226488391081,5.125803583106208,5.128363441606103,5.123470072841043,0.3806671595151047,0.009933750840316564,0.009933750840316564,0.015632580148979766,0.0009643470850874994,7,5.127208463694414,0.006096491312089085,-0.004943579783604157,0.004943579783604157,0.0,0.0060302156990450825,-0.012621177488987834,0.1472752676908371
1289664,40.8968,-1.1299,0.25908,40.2879,0.178603,40.47052299229657,-0.1826229922965723,0.178603,28084,112113,441123,1685127,3705065,10210559,5.155444538173952,5.154569966225319,5.14741081415709,5.12742303084839,5.117403566532902,5.113959680332926,0.39878728808019465,-0.01592197814167051,0.01592197814167051,0.018752601720947667,0.019582374521814255,8,5.123511724017077,0.03307857823298696,0.023899090140012902,0.023899090140012902,0.0,0.010598784073920068,0.8218617769286527,0.1826229922965723
12927,41.7861,0.7751,0.18892,39.4384,0.149571,39.70217550463772,-0.2637755046377137,0.149571,25574,99969,411541,1651741,3665995,9653800,5.1147857523459885,5.104779810742096,5.117264291124984,5.118732348013871,5.112799604630526,5.089608460817698,0.37706373807500004,-0.004110234321707839,0.004110234321707839,0.010974002456243744,0.010064628164903654,8,5.0493006982918205,0.12080958394528254,0.06796359283316367,0.06796359283316367,0.0,0.0,-0.9338705204139538,0.2637755046377137
12950,351.667,-0.8403,0.08141,37.7215,0.219648,37.73073694675067,-0.0092369467506685,0.219648,26648,108642,418215,1632292,3480633,8399377,5.132651026790415,5.140911868072621,5.124250771231775,5.113588254159134,5.090265976072624,5.029157245032672,0.382098187646466,-0.030632542145591298,0.030632542145591298,0.04115262645153802,0.019709821146076292,4,3.6597064690290595,2.773057864039425,1.4645443022027158,1.4645443022027158,1.0,0.00026555421154883215,3.590386315262295,0.0092369467506685
1295305,36.2434,-4.2509,0.61171,42.701,0.16444,42.65428566864381,0.0467143313561919,0.16444,27732,107984,434770,1692791,3822095,10582693,5.149966961615883,5.138273551253551,5.141110695470801,5.129393733896757,5.130909208944161,5.129506357259416,0.39424742976305144,-0.006614325249549806,0.006614325249549806,0.00820275270203364,0.0064054342323233,8,5.131291801381659,0.006806258974150585,0.009818894089142383,0.009818894089142383,0.0,0.0005514862796627645,-0.9737104116131494,0.0467143313561919
1295921,42.6149,-0.8718,0.52393,42.1774,0.369236,42.25106209606014,-0.0736620960601399,0.369236,24158,96848,395907,1600183,3591488,9479452,5.090049063773881,5.0910052594687825,5.100444404811424,5.104960059627695,5.10388215848227,5.081693396274058,0.36494334724169636,0.0006933917912689856,0.0006933917912689856,0.009215017490982651,0.010066260492929779,4,5.1294283325402255,0.020484083388385806,-0.02898392772880154,0.02898392772880154,0.0,0.0,-1.054141730278125,0.0736620960601399
12977,13.6956,-0.2509,0.24643,40.2829,0.214739,40.34751449226054,-0.0646144922605387,0.214739,28122,113501,452370,1771678,4003545,10874348,5.1560317568199325,5.1599136328617465,5.158344883277092,5.149175173417632,5.151052440701337,5.1413133857161055,0.40666636577799914,-0.005027087552220501,0.005027087552220501,0.0069249258299716055,0.007746161093405743,5,5.158176669842637,0.0181739483353979,0.00016821343445538872,0.00016821343445538872,0.0,0.0023757164140898812,-0.6397894466622128,0.0646144922605387
1298281,40.2679,-0.9553,0.23508,40.1629,0.275154,40.232077260969874,-0.069177260969873,0.275154,27070,107967,436756,1689650,3732367,10365143,5.139474408822819,5.138205175206841,5.143090001549298,5.128587145664661,5.120592075151664,5.120485458635438,0.3956737154586199,-0.0074737765691040734,0.0074737765691040734,0.009912855493668287,0.0069379417618132735,8,5.136431196888216,0.010643145435279182,0.006658804661082485,0.006658804661082485,0.0,0.011204614246137628,0.9013359372664798,0.069177260969873
1300516,34.5464,-5.0101,0.31043,40.6197,0.336421,40.91881479880358,-0.2991147988035791,0.336421,25517,103853,425960,1719280,3857633,10601116,5.113816743059458,5.1213333469433,5.132219965234526,5.136136999736511,5.134928638654823,5.130261746292791,0.38784077972700165,0.006420887598683613,0.006420887598683613,0.008748352658725544,0.010678578235903898,7,5.125752431802629,0.005879595681960456,0.006467533431897543,0.006467533431897543,0.0,0.00023929169657812896,-1.029635563513812,0.2991147988035791
13044,332.543,0.5033,0.12455,38.7616,0.12587,38.714295412079295,0.0473045879207063,0.12587,32606,119421,463415,1706398,3552529,8758262,5.220280953435653,5.181994458814797,5.1688211515629146,5.1328707239100115,5.099145371962022,5.047328101021539,0.41421555271848076,-0.053480612148752,0.053480612148752,0.06217566188743627,0.03543528436853922,7,5.150029621724263,0.04411423854864528,0.0187915298386514,0.0187915298386514,0.0,0.005299346460360253,-0.09536911635983425,0.0473045879207063
1305626,35.6546,-4.1333,0.32573,41.0478,0.141716,41.03914458897528,0.0086554110247263,0.141716,29097,113938,438384,1712313,3850494,10612958,5.170833249503932,5.161582522130936,5.144705812999612,5.1343735434937425,5.134124181647731,5.13074660509964,0.39683806734100663,-0.014237910674524209,0.014237910674524209,0.016553147674541573,0.019627129273766336,7,5.128824168186348,0.004091861530417648,0.015881644813263485,0.015881644813263485,0.0,0.0018137669569682512,-0.7553367192069975,0.0086554110247263
1306029,40.8416,-1.9578,0.42895,41.8266,0.250757,41.736076365868776,0.0905236341312232,0.250757,27120,108290,424564,1674164,3715946,10266833,5.140275808669914,5.139502482805267,5.130794316539083,5.124588394329401,5.118677128954645,5.1163466587929625,0.386813458908202,-0.008895962451732273,0.008895962451732273,0.010240806431951778,0.010758240741755442,6,5.125095822177638,0.02427436816482551,0.005698494361444872,0.005698494361444872,0.0,0.0034372463385062757,-0.44609572367217054,0.0905236341312232
1306073,36.8506,-3.7494,0.32859,41.1,0.144172,41.06105693336829,0.0389430666317096,0.144172,26567,106907,421258,1669727,3792902,10605265,5.13132897255212,5.133920323616767,5.127399319781305,5.123435865975705,5.127579354030072,5.130431684544723,0.38436702812888746,-0.0015297883643701628,0.0015297883643701628,0.003666657801273754,0.007562937522585182,6,5.129787136957458,0.008372364295453563,-0.0023878171761531064,0.0023878171761531064,0.0,0.0018780150725953406,-0.7389247039499789,0.0389430666317096
13070,357.785,-0.7463,0.19719,39.8018,0.14158,39.80536358045043,-0.0035635804504323,0.14158,27532,105407,405999,1601984,3433904,8918649,5.146823644728239,5.12778369178747,5.111376160883061,5.105448581279352,5.084395893972021,5.0552092396106545,0.37282075815949534,-0.02762042725009,0.02762042725009,0.032288202880950266,0.016111376583884555,3,5.154198925215103,0.015026888326776879,-0.04282276433204224,0.04282276433204224,0.0,0.018628333719964432,2.2100272799685747,0.0035635804504323
1308326,42.2701,0.5823,0.32622,41.0504,0.157201,41.04291138298791,0.0074886170120933,0.157201,23569,95267,395584,1615671,3623618,9482503,5.079329692486115,5.083857166625839,5.100089942736732,5.109143334589468,5.107750146028009,5.081833153206923,0.3646879222762263,0.0052949860340801465,0.0052949860340801465,0.01357156788971479,0.018240114562105936,3,5.096707793191328,0.03471123637592825,0.003382149545403834,0.003382149545403834,0.0,0.02861915702019172,3.9877861079988017,0.0074886170120933
1308582,37.1372,-4.3728,0.36705,41.2088,0.151911,41.33976533829163,-0.1309653382916309,0.151911,24620,101730,419068,1685495,3783205,10552420,5.0982757981047,5.112363432200165,5.125135663045738,5.127517862173376,5.126467607646597,5.128262228155608,0.38273583967517016,0.009619816640080502,0.009619816640080502,0.012021597849273096,0.010931610484925714,4,5.136864458192329,0.010054867568855501,-0.011728795146590976,0.011728795146590976,0.0,0.003053266920331461,-0.5305602435802012,0.1309653382916309
1314897,36.6066,-4.1552,0.33663,41.0367,0.18424,41.12172611066104,-0.0850261106610403,0.18424,26614,106002,427451,1683008,3803892,10584165,5.132096580470565,5.130228275077929,5.133737480743091,5.126876574377903,5.1288359100007055,5.129566761256834,0.38893429966622817,-0.0011741505455189472,0.0011741505455189472,0.002425495279720019,0.002417740989236025,5,5.13138925670019,0.008431340158674623,0.0023482240429002488,0.0023482240429002488,0.0,0.0004412203036905495,-0.9911224422216007,0.0850261106610403
1316431,42.2394,-0.4084,0.19815,39.8879,0.174409,39.81708058799896,0.0708194120010432,0.174409,25881,102744,407412,1619932,3626023,9631245,5.119967942831845,5.116670815116289,5.112885009942983,5.110287188587192,5.108038292152527,5.08859259432739,0.3739080330657458,-0.008463035141411114,0.008463035141411114,0.011065989818585989,0.004604813168208109,8,5.04536406258505,0.1169889171141039,0.06752094735793257,0.06752094735793257,0.0,0.00029596604576768553,-0.886485876730722,0.0708194120010432
1316437,42.5626,-0.745,0.47196,42.0374,0.25691,41.9812471804617,0.0561528195382976,0.25691,23737,96737,395677,1604488,3596700,9498899,5.082414235466908,5.090507223001723,5.100192031137183,5.106126879998596,5.104511953531192,5.082583434281631,0.3647614870607886,0.003059699252135798,0.003059699252135798,0.010693565777032205,0.011267200844887606,6,5.121252888195261,0.021433555915511462,-0.021060857058077254,0.021060857058077254,0.0,0.004160202906644104,-0.32256660932276127,0.0561528195382976
1317286,36.0079,-6.8106,0.28198,40.5986,0.166629,40.67973150869896,-0.0811315086989594,0.166629,26333,105620,414794,1655507,3734642,10354087,5.127486941190408,5.128660393625218,5.1206836400047955,5.119721419735553,5.120856711155789,5.120021970389574,0.37952771696558985,-0.0030425996894072765,0.0030425996894072765,0.004042170484107057,0.00644810665062751,3,5.12932859521031,0.007196150935842399,-0.008644955205514115,0.008644955205514115,0.0,0.0,-1.0700714361234942,0.0811315086989594
1317666,36.7711,-5.0031,0.1412,39.1237,0.260864,39.00900881006358,0.1146911899364226,0.260864,26648,104411,417538,1723766,3779909,10476767,5.132651026790415,5.123660533337355,5.123547174056628,5.13726869824798,5.126089077235858,5.125137445532574,0.38159117632706624,-0.0005947409561515376,0.0005947409561515376,0.00562182195361807,0.009816216016079104,3,5.132450677459045,0.012674014044650643,-0.008903503402416746,0.008903503402416746,0.0,0.008711609440184485,0.46605569582927875,0.1146911899364226
13254,42.0587,-0.347,0.1799,39.9979,0.268081,39.58473290564051,0.413167094359494,0.268081,27115,106390,414669,1627135,3645704,9708925,5.140195735199196,5.131815009603611,5.120552744040171,5.112213989825095,5.110389141742425,5.092081309605588,0.3794333934832441,-0.014754989180279614,0.014754989180279614,0.017047633115641544,0.01413914701541538,6,5.055101207896163,0.11494402915520445,0.06545153614400778,0.06545153614400778,0.0,0.0,-0.9409022059496487,0.413167094359494
1330642,37.0406,-4.0471,0.63392,42.5972,0.147609,42.74760630714606,-0.1504063071460564,0.147609,25802,102859,417260,1679090,3795397,10580792,5.1186403123476,5.1171566386189,5.123257921851472,5.125864369773427,5.1278649422721285,5.129428336674971,0.38138274151897494,0.004201465388128849,0.004201465388128849,0.004969034231509165,0.006281300277015495,8,5.131201510027228,0.006285528593375273,-0.007943588175756133,0.007943588175756133,0.0,0.002055743688053851,-0.7102213261935008,0.1504063071460564
1332413,36.2749,-5.853,0.60873,42.6179,0.230751,42.641520609356,-0.0236206093560014,0.230751,22934,98956,418228,1700963,3786085,10425279,5.067468854429793,5.100356639296983,5.124264270812178,5.131485258075601,5.126798092497291,5.122997846627051,0.38210791542865896,0.01830797357438437,0.01830797357438437,0.024447091078729135,0.022454551970817905,8,5.133397604463987,0.006926402599772203,-0.009133333651808684,0.009133333651808684,0.0,0.0005514862796627645,-0.9735663822374596,0.0236206093560014
1334470,35.0537,-4.9472,0.51876,42.1949,0.250421,42.22537188985035,-0.0304718898503537,0.250421,25975,106583,428856,1709843,3858546,10574618,5.121542385579736,5.132602133519111,5.135162630530455,5.133746624715255,5.135031412517652,5.129174847477276,0.38996126097243666,0.0023663737765847693,0.0023663737765847693,0.0052192642544878634,0.0008255758865091845,7,5.1385642494149835,0.005322840689376817,-0.003401618884528723,0.003401618884528723,0.0,0.012901001527070853,1.192804875061796,0.0304718898503537
1334620,35.7529,-6.2642,0.19624,39.8927,0.29342,39.79371641941105,0.0989835805889498,0.29342,28787,107896,420453,1664241,3783652,10419181,5.166181603977247,5.137919488232788,5.1265686158132695,5.122006613956002,5.126518918139798,5.122743742891853,0.3837684237999599,-0.012760513435586677,0.012760513435586677,0.01692363286648995,0.01147871240270388,7,5.138354097542917,0.014703885382270096,-0.011785481729647884,0.011785481729647884,0.0,0.00705791259263967,0.17813762152254942,0.0989835805889498
1334644,35.1072,-5.7725,0.28806,40.7075,0.188011,40.73263898443638,-0.0251389844363743,0.188011,28967,111944,421329,1671054,3816679,10476732,5.168888621770746,5.153914819309906,5.127472510644913,5.12378088018812,5.130293367006098,5.12513599467175,0.38441976938146305,-0.014588971711965272,0.014588971711965272,0.018681041328212477,0.02173704226672519,5,5.124144162712981,0.007681771727298547,0.00332834793193193,0.00332834793193193,0.0,0.011805127559467254,1.0032222743784787,0.0251389844363743
1334645,36.3796,-5.879,0.24701,40.1983,0.137434,40.35328064137794,-0.1549806413779393,0.137434,23683,98971,420094,1704674,3780586,10417671,5.081425162371754,5.100422465095537,5.126197639871394,5.132431728009863,5.126166854494426,5.122680798200795,0.38350109896069184,0.014636638159465755,0.014636638159465755,0.019761800572536025,0.023089802434504116,6,5.138423441065082,0.010431654747249337,-0.012225801193687325,0.012225801193687325,0.0,0.00012218850183189702,-1.0447391637723393,0.1549806413779393
13354,27.5648,-0.8873,0.15654,39.2087,0.210288,39.25300566204648,-0.0443056620464759,0.210288,28566,110322,432899,1720383,3848504,10584291,5.162834744749318,5.147576181679532,5.139237713119023,5.136415530831812,5.133899673000315,5.1295719313173755,0.39289776082330774,-0.01017056332208104,0.01017056332208104,0.012025448320572816,0.008050707815549426,6,5.130647879476272,0.018388579954637215,0.00858983364275101,0.00858983364275101,0.0,0.006806137616826582,0.13834891839452268,0.0443056620464759
1336453,40.9697,-1.2293,0.18492,39.7435,0.159325,39.650752095685306,0.0927479043146917,0.159325,28444,110998,437920,1680876,3704103,10190490,5.1609760480655815,5.1502291848399615,5.144245899091832,5.1263260706097045,5.117290789718782,5.11310522839623,0.3965066539052648,-0.016865712673709943,0.016865712673709943,0.019285314876318703,0.017242452180897122,8,5.074436609534027,0.10415923999123898,0.06980928955780463,0.06980928955780463,0.0,0.0,-0.9538311186755265,0.0927479043146917
1336687,35.6058,-6.1499,0.23381,40.1788,0.292139,40.218841677478345,-0.0400416774783423,0.292139,28251,110042,419381,1665234,3796587,10434278,5.158019307540921,5.146472540279555,5.125459913787045,5.122265666313665,5.128001088581592,5.123372563684598,0.38296949438836936,-0.011532922015301785,0.011532922015301785,0.01477850145965893,0.017461568513006384,5,5.136738049235082,0.009467112028279594,-0.011278135448036686,0.011278135448036686,0.0,0.010453268850518255,0.7680069567501446,0.0400416774783423
13370,27.1515,0.3282,0.19846,40.3246,0.238597,39.82085296030183,0.5037470396981689,0.238597,25026,102085,421836,1697362,3812559,10464683,5.105378903575956,5.113876305974026,5.127994797045739,5.130564866945104,5.1298243049660055,5.124636237201671,0.3847961283643312,0.00741728382610724,0.00741728382610724,0.010195161998265558,0.012038252076273558,7,5.134166912533153,0.015404400794265792,-0.0061721154874136985,0.0061721154874136985,0.0,0.0021028363716358647,-0.6910211286004468,0.5037470396981689
1337325,35.135,-4.6525,0.63866,42.7804,0.261646,42.76711982097971,0.0132801790202918,0.261646,29003,110192,430425,1713710,3860669,10583717,5.169428006417066,5.147064125509567,5.136748624433262,5.134727720375023,5.135270298717723,5.12954837832088,0.39110412636420605,-0.011611142223889738,0.011611142223889738,0.014550823981865258,0.008898835255001914,8,5.1295151722045045,0.006393471231773009,0.00723345222875782,0.00723345222875782,0.0,0.002055743688053851,-0.7100919234828841,0.0132801790202918
1337649,43.4044,0.5102,0.26151,40.4182,0.225542,40.49351540293243,-0.0753154029324321,0.225542,21699,87413,364606,1524456,3379679,8949442,5.043429843810321,5.046491112318944,5.064675129617666,5.083905314809775,5.077483199560383,5.056706124949285,0.3391680484620121,0.009393799648391819,0.009393799648391819,0.016371014007847618,0.026988642196168894,5,5.128754214354815,0.029669624664724458,-0.0640790847371484,0.0640790847371484,0.0,0.0016992346195929908,-0.74478311189102,0.0753154029324321
1337838,35.496,-6.4982,0.31195,40.9503,0.160446,40.93101121445373,0.0192887855462657,0.160446,27104,106563,420241,1653928,3768347,10409682,5.140019521578404,5.132520632499504,5.126349581983883,5.119306998165382,5.124758620135203,5.122347623029383,0.38361058827310834,-0.005930020733176007,0.005930020733176007,0.007542423545716112,0.009531622362978682,6,5.12730200338289,0.006674407753361805,-0.0009524213990070862,0.0009524213990070862,0.0,0.00023929169657812896,-1.0286827348818943,0.0192887855462657
1338266,34.905,-5.8691,0.64846,43.0397,0.272369,42.80703105560486,0.2326689443951437,0.272369,28672,110462,423393,1670209,3806922,10483233,5.164443244669149,5.14812695243144,5.129594826559985,5.123561215573051,5.129181710595462,5.12540539858039,0.3859491078016445,-0.012827258679294497,0.012827258679294497,0.01617074251827124,0.017720433370690142,7,5.129626578490924,0.007044355182575238,-3.175193093873929e-05,3.175193093873929e-05,0.0,8.654083161960896e-05,-1.0550588112777877,0.2326689443951437
1338430,40.6393,-1.2547,0.51718,42.0932,0.190441,42.21747278799761,-0.1242727879976044,0.190441,27469,110315,437022,1684777,3714185,10290593,5.145828769382353,5.147548624798161,5.143354421279104,5.127332818795464,5.118471266530123,5.117350562733164,0.3958642560133852,-0.01148274731410368,0.01148274731410368,0.013935326685225628,0.014582621533832078,6,5.123953957440578,0.018850670571538462,0.019400463838525894,0.019400463838525894,0.0,0.0,-1.0560998818407827,0.1242727879976044
1338471,41.2916,-1.5649,0.53117,42.5253,0.38093,42.28664118580279,0.2386588141972083,0.38093,27711,108713,424050,1673180,3699760,10079288,5.149637980299044,5.1411955940102425,5.130268219008524,5.124333060233373,5.116781287951466,5.108340016391423,0.386434353629609,-0.01349465934329378,0.01349465934329378,0.015311450763498437,0.012163746928356154,7,5.128504269750117,0.019665840772672465,0.0017639492584073935,0.0017639492584073935,0.0,0.000685055351187873,-0.9348425298107843,0.2386588141972083
1341894,35.3025,-4.6502,0.31294,41.0061,0.176794,40.93892546520578,0.0671745347942192,0.176794,29363,111806,429267,1707796,3856372,10575817,5.174785325361205,5.153379113295194,5.135578642290305,5.133226382296134,5.13478665139799,5.129224087035245,0.39026103857061056,-0.014069015292809364,0.014069015292809364,0.017460742599639496,0.014537122536356502,8,5.125575430694591,0.004724038420805962,0.01000321159571449,0.01000321159571449,0.0,0.0008457129034168371,-0.9245471040986235,0.0671745347942192
1345582,33.7065,-4.6747,0.45878,41.9679,0.252185,41.90840846046906,0.0594915395309385,0.252185,27900,109179,433721,1749463,3893044,10672075,5.152589879066896,5.143053208603771,5.140061579051765,5.143695146093651,5.1388970416563025,5.133159027997072,0.39349143767182637,-0.004970243056417093,0.004970243056417093,0.006444029415265074,0.00046306001660549774,5,5.136948616091425,0.005409038546485412,0.0031129629603396936,0.0031129629603396936,0.0,0.017263348757673526,1.9588370332891398,0.0594915395309385
13511,40.6124,-0.7941,0.23653,40.4674,0.193131,40.24710818219528,0.2202918178047213,0.193131,27949,110589,444705,1691072,3718494,10278410,5.153351922184233,5.148625976695035,5.150923116321504,5.1289524915430516,5.1189748197250395,5.116836098344463,0.4013182490013179,-0.013712363801134728,0.013712363801134728,0.01667046153481412,0.014191419732884644,8,5.127853959520518,0.026905315179357656,0.02306915680098598,0.02306915680098598,0.0,0.007217010853614922,0.22069884839945142,0.2202918178047213
13727,317.588,0.9326,0.22534,40.1329,0.188923,40.12883086263482,0.0040691373651782,0.188923,31783,125397,481958,1769767,3869812,9950571,5.209178662009098,5.20320072852653,5.1858602219117005,5.1487064741342765,5.136297597089508,5.102758165138701,0.4264938873167916,-0.03597610657720227,0.03597610657720227,0.041968767953789086,0.03930929528432257,5,5.155966044658401,0.07204586817902635,0.02989417725329968,0.02989417725329968,0.0,3.681493290076564e-05,-0.9858650850553552,0.0040691373651782
13830,351.562,-0.3823,0.32985,40.8444,0.209813,41.07065477922046,-0.2262547792204614,0.209813,28549,110371,431731,1682885,3552369,8441346,5.162576222543658,5.147769030905503,5.1380643670864545,5.1268448335058325,5.099125811625601,5.031321871893411,0.39205224901470703,-0.036944679915858994,0.036944679915858994,0.04737614921848993,0.015093617911543386,8,5.133259705945028,0.01501763453527213,0.004804661141426969,0.004804661141426969,0.0,0.0015472277038174938,-0.7890370162003166,0.2262547792204614
13894,1.6906,-0.0368,0.12356,38.8009,0.333367,38.6956259214133,0.1052740785866959,0.333367,25874,104741,429509,1740519,3875826,9983013,5.119850468426765,5.125030980930545,5.135823406984796,5.141469154026096,5.136972001667831,5.104171798794158,0.39043741572941665,-0.000746634107669085,0.000746634107669085,0.013874292175505022,0.011857635403112392,8,5.144627260705146,0.022387104513458038,-0.008803853720349863,0.008803853720349863,0.0,0.006253813802463831,0.04616690658466849,0.1052740785866959
13934,342.111,-0.4353,0.32931,41.4109,0.310571,41.06654557021736,0.3443544297826406,0.310571,28153,111459,427851,1649962,3476116,8579485,5.156510216236771,5.15202915735401,5.134143693751392,5.118264341357871,5.089702003479546,5.038371388527945,0.3892270162952471,-0.03629099446278287,0.03629099446278287,0.044683702622308044,0.024356166297078888,2,5.137442113601498,0.012313113076149983,-0.003298419850105816,0.003298419850105816,0.0,0.0014929607173153948,-0.8018072704032879,0.3443544297826406
140152,162.393,57.6157,0.20864,39.8798,0.15965,39.94179308726686,-0.0619930872668561,0.15965,12101,50033,188703,744502,1678023,4521549,4.7898272585582005,4.804175342854153,4.778631233403579,4.772656588073917,4.77340578591645,4.760197456333221,0.13304514412343682,-0.01163638287736125,0.01163638287736125,0.015311706844857772,0.02273597560822075,7,4.777433472146902,0.0163985233286707,0.0011977612566766993,0.0011977612566766993,0.0,0.0,-1.0590395403924742,0.0619930872668561
14024,318.199,0.9163,0.14759,39.134,0.188785,39.11352259396751,0.0204774060324908,0.188785,31757,125814,496242,1863332,3955967,9983424,5.208823254336703,5.204642540576783,5.198544520965572,5.171080611453337,5.145860387778632,5.104189678300071,0.4356341787024404,-0.033248325322677026,0.033248325322677026,0.041007917436306086,0.024209814354531466,8,5.110655698973645,0.057469476735695794,0.08788882199192738,0.08788882199192738,0.0,0.0014871658974683825,-0.7486908100321858,0.0204774060324908
14157,51.1367,1.0224,0.21083,39.806,0.155718,39.96709439044967,-0.1610943904496693,0.155718,14381,58137,238954,845344,1732465,4468009,4.8647893943790885,4.869370206200612,4.881166249627382,4.827824124238432,4.787272338115883,4.755024255087239,0.20693175950024276,-0.0384792562603664,0.0384792562603664,0.050646038079831764,0.02996916320760208,4,4.799593857121943,0.20997680854253822,0.08157239250543924,0.08157239250543924,0.0,0.0,-0.8269759629683091,0.1610943904496693
14284,49.0493,-0.6009,0.18037,39.3688,0.13762,39.5909861672509,-0.2221861672509035,0.13762,15603,64101,254890,1029465,2327364,6296032,4.900206051601545,4.911781698471111,4.909204628450528,4.913402143798181,4.915472116776442,4.903977114300012,0.22713618320046566,0.001930084551131237,0.001930084551131237,0.005858489138072536,0.0011689042186979978,8,4.9581606242330745,0.2225271879215006,-0.0489559957825465,0.0489559957825465,1.0,0.0,0.48615945166662644,0.2221861672509035
14331,7.8887,-0.1358,0.21976,40.2387,0.220195,40.0678061301878,0.170893869812204,0.220195,26084,106191,441017,1768399,3993376,10615779,5.123360951020184,5.131001918931796,5.147306442717337,5.148370642211741,5.149947930137239,5.130862028322909,0.39871207814012377,0.005219039566275817,0.005219039566275817,0.011399868386586895,0.01252888547127442,6,5.160028603106462,0.01537831890523452,-0.012722160389125214,0.012722160389125214,0.0,0.0037502998196159774,-0.4017953345348774,0.170893869812204
14421,31.8299,1.2521,0.174,39.5734,0.137128,39.5049145911986,0.0684854088014006,0.137128,28123,110534,436206,1742907,3879429,10361132,5.156047199225108,5.148409934212301,5.142542757913473,5.142064599308873,5.137375537780401,5.120317367165015,0.39527937232076565,-0.00981317192397758,0.00981317192397758,0.012047001473974608,0.004577191598977718,8,5.13451447745128,0.014327056750425785,0.008028280462193393,0.008028280462193393,0.0,0.009950977996521133,0.6856422723806859,0.0684854088014006
14437,332.081,-1.1964,0.14792,39.0382,0.157931,39.11880428243464,-0.0806042824346349,0.157931,22692,92846,364123,1499533,3334940,8824053,5.062862023093167,5.072677994351046,5.064099432232827,5.076746453252499,5.0716957728804015,5.050578275798314,0.3387532015851734,-0.0018749464865389287,0.0018749464865389287,0.009408858647726103,0.0029347727405934164,8,5.147418753584766,0.04909700203589911,-0.0833193213519392,0.0833193213519392,0.0,0.0008388914454749814,-0.8725500457760821,0.0806042824346349
14984,313.834,-0.0928,0.19549,39.9082,0.195934,39.78448428474532,0.1237157152546828,0.195934,24192,94399,359435,1496846,3416124,10010143,5.090659835399395,5.079882112931897,5.0584716998516805,5.075967547241762,5.0821413715161246,5.105350443661156,0.334697864070214,0.0035865586635261118,0.0035865586635261118,0.015586375487378514,0.002823762254196354,6,5.136315970913871,0.07400458863265236,-0.07784427106219027,0.07784427106219027,0.0,0.0014079267830515085,-0.7427809369686699,0.1237157152546828
150254,183.211,47.1458,0.27508,40.5286,0.241865,40.61839770321263,-0.089797703212632,0.241865,12637,46195,191316,770532,1699106,4590520,4.80864846098976,4.769514491308255,4.784603689482477,4.787581379176408,4.778828346968866,4.76677209710889,0.13734888914058505,-0.008339958727242393,0.008339958727242393,0.015121570065543507,0.013032504765840273,5,4.787566558579206,0.01943090631874591,-0.0029628690967289373,0.0029628690967289373,0.0,0.0,-1.055404289444675,0.089797703212632
150509,241.234,54.8781,0.2928,40.7458,0.174302,40.77317576634832,-0.0273757663483138,0.174302,12453,50209,198417,799121,1792093,4992644,4.802278971347172,4.805700340008175,4.800431195053866,4.803403223029221,4.801968403667328,4.803240805453568,0.14875417154649928,-0.00017580899224129906,0.00017580899224129906,0.0017627328909454476,0.0016570196369394387,8,4.813066855621147,0.016221758200243776,-0.01263566056728127,0.01263566056728127,0.0,0.0,-1.05925144818999,0.0273757663483138
15201,337.519,0.0036,0.20736,40.316,0.333666,39.92689095524595,0.3891090447540506,0.333666,26500,112593,461251,1728431,3604104,8782416,5.130232372060405,5.15642536673069,5.166788389588605,5.138442434171813,5.105405052852905,5.0485241727298495,0.41275074676555096,-0.02557723861679284,0.02557723861679284,0.04282872609222095,0.012971943811666388,8,5.145598022309272,0.02052865935449797,0.02119036727933299,0.02119036727933299,0.0,0.010915159909216161,0.8623652004842166,0.3891090447540506
15234,16.9583,0.8282,0.13514,39.0775,0.31333,38.90571503447942,0.1717849655205796,0.31333,26862,113915,453541,1866447,4044823,10606979,5.136124622043238,5.161494845554888,5.159467638158748,5.171806030787966,5.155507247030718,5.130501868601951,0.40747542166113576,-0.00034921070844080333,0.00034921070844080333,0.015895224335317534,0.0074379479007248535,6,5.148960414975843,0.015408147704456029,0.010507223182905534,0.010507223182905534,0.0,0.0029014033730425824,-0.5508064582915723,0.1717849655205796
15287,323.96,-1.0574,0.2363,40.3805,0.155735,40.24472966036865,0.1357703396313496,0.155735,35502,135358,498720,1809113,3915866,9813694,5.257235162408361,5.236397255876604,5.200707783056016,5.158256070450211,5.141435550704743,5.096742675042601,0.43719302288974693,-0.05321394639251779,0.05321394639251779,0.06074073121553931,0.05636695035192101,8,5.159221240810587,0.0438885962637932,0.041486542245428915,0.041486542245428915,0.0,0.00042005242277052445,-0.9523325280539741,0.1357703396313496
15354,6.7737,-0.126,0.22069,40.0798,0.266821,40.07807576584961,0.0017242341503873,0.266821,28602,114534,457532,1760484,3859462,10613117,5.163381696066968,5.163848338795752,5.1632725507379424,5.146422465046145,5.135134499646922,5.130753111513672,0.41021723731236326,-0.012296136914454877,0.012296136914454877,0.015165176837390573,0.01257011082085769,7,5.150797381643033,0.02274622905318443,0.012475169094909866,0.012475169094909866,0.0,0.017154570866166986,1.9605221096573535,0.0017242341503873
15421,33.7416,0.6025,0.18443,39.7891,0.142656,39.64438183437892,0.1447181656210787,0.142656,31813,120723,456204,1768097,3938518,10631850,5.2095883866992905,5.186703735304841,5.162010168133628,5.148296468871982,5.143940562777946,5.131519000194234,0.40930756585203265,-0.025624087798505345,0.025624087798505345,0.029329469607119584,0.027704986408392907,8,5.133418501356514,0.009239102667368979,0.028591666777114,0.028591666777114,0.0,0.0003929655876405204,-0.9986265176373148,0.1447181656210787
15440,39.7207,0.0901,0.2613,40.447,0.207526,40.49153620841223,-0.0445362084122251,0.207526,25036,100785,423668,1716929,3850349,10355503,5.105552399296506,5.108310327876108,5.129876814999379,5.135542725120505,5.134107826897083,5.120081359390317,0.3861523083484389,0.008071488518241342,0.008071488518241342,0.01306369091289117,0.01964402222800497,8,5.125703473911791,0.03412491413052623,0.004173341087588156,0.004173341087588156,0.0,0.010598784073920068,0.8231161348299123,0.0445362084122251
15467,320.02,-0.1774,0.20847,39.8758,0.146778,39.93981878335671,-0.0640187833567154,0.146778,32018,127519,518875,2002123,4188990,10105620,5.212377874107731,5.210488422685866,5.217913710684132,5.20228110764671,5.170717045151958,5.10947312511321,0.44959159465263565,-0.028770586980413643,0.028770586980413643,0.0416177900649341,0.005920326353001368,7,5.140061990667154,0.06076067865678298,0.07785172001697838,0.07785172001697838,0.0,0.0003081715844951356,-0.9517498347120434,0.0640187833567154
15584,43.4955,0.987,0.28333,40.6596,0.184378,40.69156936359208,-0.0319693635920828,0.184378,23523,94068,375772,1500798,3334672,8777815,5.078481280691791,5.0783566459181415,5.077775699312344,5.077112667637476,5.071660871034144,5.048296591585913,0.3486083039951554,-0.007560012899125005,0.007560012899125005,0.011864753939242207,0.0008973406482451465,6,5.109236034173418,0.03435260477552586,-0.031460334861074024,0.031460334861074024,0.0,0.02861915702019172,3.9873561768622863,0.0319693635920828
15674,340.829,0.2629,0.19555,39.958,0.212325,39.785224063726055,0.1727759362739434,0.212325,29775,115032,448524,1677201,3484011,8599094,5.180836465748483,5.165732564744015,5.1546367821764045,5.1253755075895,5.090687260047405,5.039362865553246,0.40399431236741806,-0.04419683772148666,0.04419683772148666,0.053214821573011536,0.029111463110845698,5,5.157784295641117,0.016058916428648262,-0.003147513464712759,0.003147513464712759,0.0,0.001348443163618804,-0.8226907551281887,0.1727759362739434
15704,40.2107,0.6588,0.36952,41.4498,0.244353,41.35672769120077,0.0930723087992362,0.244353,26940,107192,430445,1730681,3835113,10182459,5.137383821854389,5.135076544283179,5.136768803715756,5.139007412788934,5.1323858958868955,5.112762831345863,0.3911186675320833,-0.005569313604216855,0.005569313604216855,0.009799935832255935,0.002835522249819572,5,5.120357825647913,0.025199577046387898,0.016410978067843196,0.016410978067843196,0.0,0.027453484603527503,3.7717179072566394,0.0930723087992362
15897,11.6814,-1.0329,0.17357,39.5403,0.18318,39.49899930165085,0.0413006983491541,0.18318,29867,117715,457954,1791314,3971557,10746218,5.182176252618009,5.175745614947555,5.163672932358113,5.153962098562176,5.147568527165654,5.136165805557216,0.4105057518497672,-0.015292875751566678,0.015292875751566678,0.01739070942870862,0.015713485531154887,6,5.158302520108774,0.014458621735287482,0.005370412249339651,0.005370412249339651,0.0,0.0017823657248635806,-0.7484222849730973,0.0413006983491541
15901,31.9763,-0.5354,0.20368,39.9041,0.171481,39.883567578298894,0.0205324217011053,0.171481,26400,106424,428366,1720775,3960753,10792158,5.128590487068624,5.131953777483003,5.134666134120392,5.136514476209325,5.146385487344742,5.138018453770059,0.38960348622740537,0.004392513931764006,0.004392513931764006,0.006086812300510242,0.0032898487177271843,8,5.135933138235443,0.012268421339368027,-0.0012670041150508737,0.0012670041150508737,0.0,0.040733246334274435,6.087839628794375,0.0205324217011053
160039,184.975,48.1403,0.27085,40.4887,0.166124,40.58009150712589,-0.0913915071258912,0.166124,12966,52757,201428,754651,1664427,4559407,4.819809620806906,4.82719844217557,4.806972123976819,4.778536863340335,4.769872631009567,4.763818575547424,0.15346755744466292,-0.0227081672293038,0.0227081672293038,0.027084657163183704,0.035101909233710385,6,4.784927607213859,0.015121913690721949,0.02204451676295971,0.02204451676295971,0.0,0.0,-1.0605699527485357,0.0913915071258912
160126,163.283,57.2013,0.36023,41.0791,0.230289,41.29237569026348,-0.2132756902634867,0.230289,12270,48383,192952,747996,1679972,4548429,4.795850066069843,4.789611888118922,4.788301662601554,4.774689992016084,4.773909919803572,4.762771633972218,0.14001364433920527,-0.010622645025679183,0.010622645025679183,0.012411587043540609,0.010763872754112612,2,4.7876475608263895,0.018917072791680426,0.0006541017751642286,0.0006541017751642286,0.0,0.0,-1.0560202781975434,0.2132756902634867
160198,242.905,53.9703,0.34899,41.2499,0.158604,41.21243160753895,0.0374683924610508,0.158604,12977,53242,208299,826724,1833302,5041620,4.820177879784526,4.831172636637429,4.821539397253612,4.818151206783229,4.811841866982068,4.807480313446045,0.163964717900969,-0.005675845138547612,0.005675845138547612,0.008227602992699715,0.009392976137968571,8,4.809461396862494,0.016309600090773875,0.01207800039111806,0.01207800039111806,0.0,0.0,-1.0591461424562318,0.0374683924610508
16021,13.8437,-0.3888,0.12336,38.6164,0.162163,38.69183722096723,-0.0754372209672311,0.162163,29322,114970,450436,1768914,3991992,10870234,5.174178510337267,5.165498427437445,5.156484184628382,5.148497100646887,5.149797388942787,5.141149051689768,0.40532554846063207,-0.010583240667282778,0.010583240667282778,0.012134276216542537,0.012263864924635185,7,5.142857514202231,0.02261623865145272,0.013626670426150511,0.013626670426150511,0.0,0.004780124057095132,-0.21230476185352387,0.0754372209672311
16093,350.362,1.1325,0.33439,41.1204,0.23572,41.10495892647402,0.0154410735259773,0.23572,25754,104136,404077,1515549,3305925,8428346,5.1178316641783885,5.1225151809094305,5.10931533325781,5.081360404867551,5.067900745943064,5.030652526097059,0.37133572813060833,-0.0288955472676156,0.0288955472676156,0.03541737552767307,0.029686895652257624,7,5.1351412421090386,0.011261979823183341,-0.025825908851228263,0.025825908851228263,0.0,0.001126330633874727,-0.8674392722540606,0.0154410735259773
16211,348.164,0.2669,0.30939,41.0177,0.300429,40.91043807964127,0.1072619203587308,0.300429,26281,107002,430646,1673166,3494013,8441927,5.126628520922371,5.134306072629144,5.136971553459276,5.124329426347867,5.091932258671028,5.031351762432313,0.39126476876529004,-0.027110991791934005,0.027110991791934005,0.04068693046993755,0.007196629057351089,8,5.121533336513785,0.03622645824131452,0.015438216945490524,0.015438216945490524,0.0,0.0015731128890465534,-0.759066817980554,0.1072619203587308
16350,323.639,-0.8858,0.23684,40.2279,0.210237,40.25031063580981,-0.0224106358098126,0.210237,35425,138733,501605,1848352,3973069,9869266,5.256292228256088,5.247093026735658,5.203212850007527,5.16757505270611,5.1477338346576005,5.099195017030256,0.4389981712688671,-0.052503607214684264,0.052503607214684264,0.0605048464485977,0.05736009339698296,7,5.160435215344195,0.04679379229334839,0.04277763466333262,0.04277763466333262,0.0,0.0002609170251168991,-0.97679030169935,0.0224106358098126
170428,243.619,54.003,0.30007,40.9837,0.198158,40.83418749346961,0.1495125065303924,0.198158,13537,54300,212796,828776,1844500,5056776,4.838524619723031,4.839717946205787,4.830815628313136,4.819227826120754,4.814486512883072,4.808783920634005,0.17064915938918654,-0.011104407894234414,0.011104407894234414,0.012959658069459975,0.014780497316948334,8,4.80952825943541,0.01490074226154494,0.021287368877725754,0.021287368877725754,0.0,0.0,-1.0608350952619232,0.1495125065303924
17220,9.7015,-0.1792,0.17769,39.3394,0.257355,39.55512407924062,-0.2157240792406227,0.257355,28622,115306,460230,1822468,4065003,10666808,5.163685260530384,5.166765791662216,5.165825995605261,5.161450285728717,5.157668595146462,5.132944637312401,0.4120572467622634,-0.008190921762713797,0.008190921762713797,0.012729286447449091,0.0038343270250374728,8,5.1573773454447505,0.01720865583991206,0.008448650160510773,0.008448650160510773,0.0,0.0038519672622243433,-0.3817506208813777,0.2157240792406227
17340,41.2121,0.3648,0.25625,40.3729,0.207312,40.44349349522032,-0.0705934952203151,0.207312,27530,107470,431453,1684074,3721870,9978146,5.146792096385795,5.136201408568437,5.137784626983757,5.1271515648047385,5.119368934281105,5.1039600163947965,0.39185066861676426,-0.012712146531409764,0.012712146531409764,0.015280779211722937,0.006528082359353585,6,5.11895859599288,0.0378827591904648,0.018826030990877207,0.018826030990877207,0.0,0.0050521267448858575,-0.1462456276440518,0.0705934952203151
17464,6.6408,0.042,0.25345,40.0303,0.262822,40.41647787448066,-0.3861778744806656,0.262822,29863,117271,463550,1756036,3851441,10583459,5.182118086880039,5.1741044504673885,5.168947649605394,5.145323798303422,5.134230979944429,5.129537791366272,0.41430670706316014,-0.01913961569210597,0.01913961569210597,0.022204432978424095,0.02076085207525244,5,5.157524632308446,0.006408311634964019,0.011423017296947613,0.011423017296947613,0.0,0.009417515372761366,0.5824853144389472,0.3861778744806656
17497,37.1366,-1.0421,0.14388,39.0756,0.170594,39.05337089998445,0.0222291000155507,0.170594,27066,105150,412076,1683373,3811936,10735435,5.139410232904581,5.126723525874112,5.117828502442347,5.126970751116863,5.129753332293887,5.135729805836367,0.3774703081047566,-0.0004905031869751308,0.0004905031869751308,0.007581033235338946,0.0001783353158494014,3,5.13460721915354,0.009620426177195461,-0.01677871671119302,0.01677871671119302,0.0,0.004760024259048736,-0.2314133381317079,0.0222291000155507
17801,316.093,-0.898,0.20515,40.1661,0.227714,39.90095971287707,0.2651402871229322,0.227714,23190,99628,395069,1605458,3605126,9802497,5.072289585858008,5.103295889856609,5.099524179692646,5.106389355066896,5.105528186347147,5.096246880997141,0.3642802340739685,0.006930353897434303,0.006930353897434303,0.012789064647095059,0.0022314634590217745,7,5.140317065391462,0.07823738928429229,-0.04079288569881534,0.04079288569881534,0.0,0.0004239434979423949,-0.9104716684942946,0.2651402871229322
17811,12.8787,-0.9474,0.21186,39.9136,0.194498,39.9789100282953,-0.0653100282953005,0.194498,25793,105080,426511,1762544,3963128,10835038,5.118488805462442,5.126434315717175,5.13278138194298,5.14693034986954,5.146645826732743,5.139740597506491,0.388245335964776,0.008968076999144967,0.008968076999144967,0.011412017497881479,0.014784763414753911,8,5.16309220808891,0.009611964875043911,-0.030310826145930392,0.030310826145930392,0.0,0.008560471495710443,0.4358484998126644,0.0653100282953005
17884,27.5998,1.1721,0.23776,40.2317,0.172272,40.25979193315232,-0.028091933152325,0.172272,27812,112153,435096,1695288,3800637,10220208,5.151217945757867,5.1547248860485695,5.141436216142281,5.130033880054805,5.128464124120701,5.114369895706361,0.39448199958647934,-0.01287223611098872,0.01287223611098872,0.015290513441193686,0.01781079595088178,1,5.126403317488579,0.0,0.015032898653701388,0.015032898653701388,0.0,0.0,-1.0786982535788243,0.028091933152325
18030,4.933,-0.4001,0.15518,39.3994,0.175858,39.23229835340023,0.1671016465997752,0.175858,26664,106251,424520,1694322,3808001,10532262,5.132911697980687,5.131247232234191,5.130749305887109,5.129786342294804,5.129304785674759,5.127431813923788,0.38678102428388816,-0.0016061689801396485,0.0016061689801396485,0.0018643071943859142,0.0010538093354190057,7,5.158301632739443,0.010430979729014404,-0.027552326852333664,0.027552326852333664,0.0,0.01043735525387119,0.7663683858083626,0.1671016465997752
18604,340.921,0.4214,0.17483,39.7434,0.182014,39.51629410154617,0.2271058984538285,0.182014,29613,116518,445019,1663037,3466580,8584679,5.178467182011709,5.171306867363699,5.151229656701305,5.121692308830474,5.08850897022826,5.038634229799447,0.40153914164827814,-0.04501104547916194,0.04501104547916194,0.05383797625533642,0.03578933877588885,6,5.13698945698664,0.03712158027425258,0.014240199714664392,0.014240199714664392,0.0,0.0054215802741921166,-0.08229051089093375,0.2271058984538285
18617,345.762,0.8492,0.3257,41.1639,0.271274,41.03891379897301,0.1249862010269851,0.271274,30193,118371,439843,1604762,3371605,8391914,5.186890760674679,5.178159104098543,5.146148799355161,5.106201038517984,5.076444435888224,5.028771194961142,0.3978778816578418,-0.05288357065626095,0.05288357065626095,0.06156243714784465,0.05190677218251777,6,5.132464825364381,0.013293243474133987,0.013683973990779918,0.013683973990779918,0.0,0.0025665696086950972,-0.6121310099038326,0.1249862010269851
18650,328.447,0.0151,0.11243,38.6214,0.163201,38.47544638911949,0.145953610880511,0.163201,27131,105418,424210,1727333,3686540,9267800,5.140451918354776,5.127829010833942,5.1304320531020675,5.138166457524566,5.115226686154416,5.071886818597498,0.3865524122899677,-0.01639526661547313,0.01639526661547313,0.025508538836881832,0.007456891538008537,5,5.1557666335143635,0.0529826348243783,-0.02533458041229597,0.02533458041229597,0.0,0.0,-1.0151821429514398,0.145953610880511
18697,11.2239,-0.9971,0.10638,38.2611,0.195537,38.346969006593255,-0.0858690065932563,0.195537,26427,114048,463171,1809929,3979902,10736890,5.129034408098072,5.162001600299228,5.16859242454285,5.158451914603107,5.148480105247238,5.135788662845403,0.4140507322895173,0.0002417509141493497,0.0002417509141493497,0.015518118598054272,0.0025605569752539807,8,5.1414722540636975,0.019862375790697655,0.027120170479152605,0.027120170479152605,0.0,0.006259255495738079,0.044095674038634125,0.0858690065932563
18740,16.8553,1.0437,0.15317,39.0991,0.159928,39.20138166059132,-0.1022816605913234,0.159928,28514,112390,456012,1882128,4050115,10555161,5.162043485882916,5.155641654005389,5.161827350996153,5.175439522374241,5.156075079954901,5.128375021854591,0.40917582803193553,-0.006226987147543579,0.006226987147543579,0.015554556716822454,0.014281143257957627,8,5.144197407650709,0.019977202318934413,0.017629943345443877,0.017629943345443877,0.0,0.015280485804388731,1.6281559173325082,0.1022816605913234
18787,29.7298,-1.0271,0.18915,40.1408,0.200523,39.70510151299166,0.435698487008338,0.200523,25207,103313,426754,1714212,3889116,10776306,5.108508500127734,5.119069295049593,5.1330287454574615,5.134854920296301,5.1384586265038585,5.137380073890217,0.38842358583029374,0.00998974692836592,0.00998974692836592,0.012062402317925328,0.011386921630378554,8,5.136133120833304,0.012304509115299839,-0.0031043753758428494,0.0031043753758428494,0.0,0.004513095032879471,-0.2715507811806259,0.435698487008338
18804,25.2656,-0.4484,0.19726,39.6932,0.130873,39.80621973200996,-0.1130197320099597,0.130873,27582,105644,422143,1668146,3760940,10571953,5.147611609386488,5.128759066081841,5.128310748262234,5.123024454747163,5.123904138320205,5.1290653834236535,0.3850238024494464,-0.0057506693012387405,0.0057506693012387405,0.008957427257497926,0.004136647666983042,6,5.136822123948292,0.018033296541392244,-0.008511375686057754,0.008511375686057754,0.0,0.029115444031758878,4.054929124058832,0.1130197320099597
18807,46.6409,0.7933,0.18714,39.7694,0.13671,39.67941821617536,0.0899817838246406,0.13671,15317,61683,252999,1080847,2536394,6913986,4.8921721751496845,4.895082647126816,4.905970648481684,4.9345547592533885,4.95282450625682,4.944638677260296,0.2248057809350318,0.021991395221454303,0.021991395221454303,0.026396425622764827,0.0284731102092099,8,4.95856487172918,0.22242174680919677,-0.052594223247496075,0.052594223247496075,1.0,0.0,0.48603304781042034,0.0899817838246406
18927,46.6825,-0.754,0.21214,39.9374,0.243726,39.9821128492864,-0.0447128492864052,0.243726,17154,64868,248684,1058807,2561924,7500798,4.9413608323539835,4.916947321669198,4.898499717908772,4.9256073500038235,4.95717402955042,4.980017646400029,0.21942223691195623,0.014381785703842874,0.014381785703842874,0.02929076933976182,0.006246889966160845,5,4.985298165525512,0.11897478559308215,-0.08679844761674005,0.08679844761674005,0.0,0.0,-0.9360700949633055,0.0447128492864052
18940,10.349,0.412,0.21099,39.9552,0.163264,39.968933331946175,-0.0137333319461774,0.163264,31059,120783,473941,1832192,4051144,10653950,5.199171561354331,5.186919526661238,5.178575324209529,5.163761355539095,5.156185405748449,5.132420813665843,0.421244398367525,-0.020582515255499204,0.020582515255499204,0.023880030564583973,0.01670508931698663,8,5.157367965305591,0.01232658413243959,0.0212073589039381,0.0212073589039381,0.0,0.008560471495710443,0.439102812431044,0.0137333319461774
190209,333.082,1.0359,0.36648,41.2327,0.155657,41.33583595281503,-0.1031359528150304,0.155657,31370,124040,472977,1652252,3475573,8728147,5.203498472700336,5.198475377430424,5.177691067830557,5.11886668507069,5.0896341575686295,5.045832220448575,0.4206072042325482,-0.054591863379925776,0.054591863379925776,0.06436916054431892,0.057425532839521926,2,5.14281941039639,0.019917759132390942,0.034871657434167425,0.034871657434167425,0.0,0.0015994760771274922,-0.7739890735787791,0.1031359528150304
19027,328.884,-0.372,0.29114,40.484,0.219145,40.75904870471513,-0.2750487047151253,0.219145,26347,105057,422568,1686511,3622204,9176566,5.127717764731267,5.1263392474706935,5.128747761000012,5.127779571639644,5.10758064359317,5.067590358462046,0.3853387133282868,-0.015676067327326532,0.015676067327326532,0.02425842769165217,0.0010389742679089917,4,5.136807000075627,0.022460044621946732,-0.008059239075614677,0.008059239075614677,0.0,0.002048561035746187,-0.692092265354706,0.2750487047151253
19101,7.9727,0.1383,0.20062,39.6837,0.194976,39.84698719549712,-0.1632871954971193,0.194976,25023,107014,452271,1782350,3994769,10583877,5.105326841341545,5.134354774455984,5.158249828865838,5.151783370107687,5.15009939761009,5.129554943744474,0.40659786967800465,0.008886563165037763,0.008886563165037763,0.019484669834916465,0.012572074258185328,8,5.16057465835868,0.01448704998599396,-0.002324829492842184,0.002324829492842184,0.0,0.0075041111980844455,0.2562199902505278,0.1632871954971193
19174,25.6597,1.0304,0.16357,39.2807,0.200998,39.35743793905888,-0.07673793905888,0.200998,26933,104130,406776,1649594,3845840,10281019,5.137270965747088,5.122490157699988,5.1122065163562995,5.118167467552348,5.133598942945799,5.116946322631251,0.3734191113634712,-0.003360478921798543,0.003360478921798543,0.009915243445926602,0.003118161819650286,5,5.139507518833423,0.014354590604773874,-0.02730100247712386,0.02730100247712386,0.0,0.0041340838848191635,-0.3356388488674589,0.07673793905888
19207,333.464,-0.9203,0.25721,40.5776,0.249962,40.45269326914142,0.1249067308585765,0.249962,26431,103771,404268,1573547,3456495,8786626,5.129100135602079,5.120990305615454,5.109520567513859,5.097670131283819,5.087243676501764,5.04873230924585,0.3714836197007009,-0.023720738082909074,0.023720738082909074,0.028868676779057884,0.01682194993045757,8,5.164743604142997,0.02868680388522631,-0.055223036629137745,0.055223036629137745,0.0,0.003469573203724515,-0.4351301904544657,0.1249067308585765
19230,332.891,0.7648,0.22005,39.9228,0.242946,40.07101279796318,-0.1482127979631755,0.242946,29303,123558,474672,1688744,3515694,8747459,5.173897015618279,5.196784503402127,5.179244656507903,5.128354212160101,5.094618809193613,5.046792083870625,0.4217267184559257,-0.04536361151433044,0.04536361151433044,0.05784061265563431,0.04936202091072938,8,5.158520667681527,0.03202528350715594,0.020723988826375717,0.020723988826375717,0.0,0.0011709904160214304,-0.834706776240087,0.1482127979631755
19794,359.319,0.2494,0.29568,41.0209,0.307913,40.797510921455206,0.2233890785447911,0.307913,29937,116151,450171,1723341,3656077,9339010,5.183192894012375,5.169936810871553,5.156228606367391,5.137161608419522,5.111623070411988,5.075211005572197,0.4051413790581789,-0.03390021234232339,0.03390021234232339,0.04007184857036641,0.02364231102083856,2,5.160629602627868,0.011763494848073682,-0.0044009962604762976,0.0044009962604762976,0.0,0.00039221722278783385,-0.9957316469586752,0.2233890785447911
1990O,258.901,16.322,0.03093,35.4926,0.166476,35.55373979440757,-0.0611397944075662,0.166476,22168,91038,357229,1449587,3305076,9414358,5.05271621334796,5.064137597288656,5.055798050891256,5.062034721142765,5.067789199777629,5.078700873975373,0.33277123568835165,0.00667263315524223,0.00667263315524223,0.009247943016274436,0.0015169044936407994,4,4.9553354931962685,0.1392385963813115,0.10046255769498735,0.10046255769498735,1.0,0.0,0.38631225811347436,0.0611397944075662
19940,315.393,-0.2685,0.15591,38.9704,0.179204,39.243434278857805,-0.273034278857807,0.179204,20778,85102,343044,1537893,3551722,9881359,5.02459475304185,5.034854988477303,5.0382012210215406,5.087716538542442,5.099046705529843,5.0997268405339815,0.3200909802174122,0.02930759546957992,0.02930759546957992,0.03502836498903508,0.038131548066340046,7,5.120837123822979,0.05946698766259138,-0.08263590280143873,0.08263590280143873,0.0,0.0003193277412468644,-0.9513419573185835,0.273034278857807
1995ac,341.392,-8.7513,0.04867,36.3303,0.135835,36.56533181955156,-0.2350318195515583,0.135835,13421,57647,240988,990920,2217379,6201688,4.834787344442065,4.865694363412322,4.884847346858625,4.896829168231426,4.894447743890941,4.897420102242581,0.20958435395339822,0.020267409168964832,0.020267409168964832,0.024745918557526544,0.022459014255783907,3,5.127776547586861,0.10125852974268511,-0.24292920072823598,0.24292920072823598,0.0,0.0016120703769473936,-0.6742656749480695,0.2350318195515583
1995ak,41.4535,3.2306,0.02193,34.6739,0.247785,34.792961907914744,-0.119061907914741,0.247785,23714,99982,413140,1632278,3485785,8893056,5.081993238949681,5.104836282295638,5.11894842368694,5.113584529246498,5.0909083391740975,5.05396119456651,0.3782773220722679,-0.007071594107461558,0.007071594107461558,0.02400091786205028,0.006310526246238511,7,4.976416275133401,0.17424385178035562,0.14253214855353935,0.14253214855353935,1.0,1.6792399759868682e-05,0.4312252700908661,0.119061907914741
1996bl,9.0749,11.3946,0.03481,35.7348,0.155656,35.81636803549163,-0.0815680354916281,0.155656,13303,52366,231233,911055,2046328,5606378,4.8309523461732535,4.823967813391438,4.866901819194301,4.86033520860789,4.859583076860416,4.85359257203758,0.19665282725062178,0.010792641946279201,0.010792641946279201,0.017516206313248486,0.026233530364412033,5,4.922718445362074,0.13431142053473372,-0.05581662616777283,0.05581662616777283,2.0,0.00019832942781127484,1.7133175360392765,0.0815680354916281
1996bv,94.0542,57.0525,0.01673,34.0755,0.297815,34.1970306077789,-0.1215306077789009,0.297815,16539,65367,265908,1063676,2069346,4325110,4.925505615178319,4.9202753161245845,4.927583164089069,4.927599904525254,4.8644409396339565,4.740907376346545,0.2403797349540426,-0.04770201485813111,0.04770201485813111,0.07442610183288102,0.005283573681099128,8,4.120809187805317,1.870393393524693,0.8067739762837522,0.8067739762837522,0.0,0.0,1.1635479860359155,0.1215306077789009
1997E,101.909,74.4975,0.01314,33.7649,0.288791,33.66681633796999,0.0980836620300067,0.288791,6858,25491,103646,449727,1034085,3037713,4.5432309128202775,4.511314028441657,4.518406863525412,4.55374006349901,4.5631642763269005,4.587457001370363,-0.05447223907854007,0.018553816842976217,0.018553816842976217,0.02844321424387604,0.030603915190912476,3,4.827241488448838,0.08909098646218197,-0.30883462492342595,0.30883462492342595,0.0,0.0,-0.9718950911692593,0.0980836620300067
1997Y,191.381,54.7381,0.01661,34.1973,0.214463,34.18120865731707,0.0160913426829267,0.214463,11712,46721,185263,730838,1624760,4438107,4.775638253247691,4.774431543713621,4.770641163892509,4.764611850674915,4.759397103787619,4.752107985081722,0.12728750917549075,-0.007820374686389091,0.007820374686389091,0.009207891140286188,0.007083411224996352,8,4.797501490431116,0.05627690898684329,-0.026860326538606927,0.026860326538606927,0.0,0.0,-1.0112329342562965,0.0160913426829267
1997dg,355.059,26.2033,0.02962,35.861,0.192522,35.457729148038446,0.4032708519615511,0.192522,20109,72455,263044,1044913,2269538,6259354,5.010382180558533,4.964984473368532,4.922880178380891,4.9198706839729285,4.904545267972185,4.901439701944431,0.23699076883358758,-0.03542930986554166,0.03542930986554166,0.042374439679551575,0.0325427201183733,5,4.854504995088584,0.02549258471754277,0.0683751832923063,0.0683751832923063,0.0,0.0003966588556225497,-0.9784932276357602,0.4032708519615511
1997do,111.677,47.0933,0.01048,33.1081,0.364668,33.17139395750495,-0.0632939575049462,0.364668,11870,49753,196726,801447,1860464,5362448,4.781457414947481,4.801738120461202,4.796714096509923,4.80466548544327,4.8182291221354925,4.834273293453854,0.1460756345886027,0.014831326033126662,0.014831326033126662,0.01820575771039573,0.0021116474712509353,8,4.1412252042067115,1.8792935665808475,0.6554888923032118,0.6554888923032118,0.0,0.0,1.1742176021905553,0.0632939575049462
1998V,275.656,15.7021,0.01718,34.1465,0.231417,34.255380421634854,-0.1088804216348506,0.231417,0,0,0,0,0,396061,0.706970109961791,0.10491011863382857,-0.4971498726941338,-1.0992098640220962,-1.4513923821334587,3.7026732948377106,-3.668676684716224,0.3485606253019706,0.3485606253019706,1.8667607330485096,0.8685889638065035,8,4.325728801540171,1.9648889455512286,-4.822878674234305,4.822878674234305,4.0,0.0010663173847516617,6.656410822467936,0.1088804216348506
19990,34.8064,-0.3848,0.24883,40.427,0.180619,40.371293568791216,0.0557064312087831,0.180619,28802,112030,440399,1768171,3933131,10752285,5.166407834373519,5.154248331179741,5.146697437605581,5.1483146449680754,5.143346139895313,5.136410926293904,0.39827322975337726,-0.00861384833018872,0.00861384833018872,0.010261203700271658,0.004280249835880807,8,5.135916059726597,0.010202452805181358,0.010781377878983811,0.010781377878983811,0.0,0.007347042169425575,0.22350582818941833,0.0557064312087831
1999aa,126.925,21.4874,0.01579,34.1663,0.242893,34.06996909660484,0.0963309033951631,0.242893,16924,65122,252929,996296,2284800,6453621,4.935498787318973,4.918644517478049,4.90585047132703,4.899178958571966,4.9074559980424475,4.914713643054406,0.22471918141488695,-0.007630786065733938,0.007630786065733938,0.012743653890088911,0.014041432650969316,7,4.8547491393663575,0.08781196385048773,0.05110133196067235,0.05110133196067235,0.0,0.0,-0.9734283962222937,0.0963309033951631
1999dg,227.868,13.4849,0.02263,34.8589,0.246447,34.862292836783055,-0.0033928367830569,0.246447,16084,66167,259174,1027721,2324470,6498883,4.91339117519978,4.925558126451208,4.916443234513369,4.9126657893591235,4.91493175018021,4.917748903853015,0.23235231444739454,-0.0007391845247503927,0.0007391845247503927,0.004689008424358711,0.009299855394109801,4,4.9263418467342985,0.01046111409429726,-0.009898612220929692,0.009898612220929692,0.0,0.0,-1.0661573657520576,0.0033928367830569
1999dk,22.8622,14.2849,0.014,33.8053,0.288803,33.80585071460157,-0.0005507146015659,0.288803,13212,53508,230648,946753,2119326,5844146,4.827971544951431,4.8333369533954125,4.865801703330475,4.877027284652477,4.874805588894949,4.871631250003877,0.19586008501783145,0.017491039571204993,0.017491039571204993,0.021908958835314525,0.03151591211968132,8,3.5886849472942624,2.5246762383155685,1.2771167560362127,1.2771167560362127,3.0,1.2594299819901513e-05,5.844389737157311,0.0005507146015659
2000cf,238.234,65.9369,0.03646,36.0475,0.166339,35.91947546959546,0.1280245304045379,0.166339,11338,46779,190361,735168,1660734,4673466,4.761544865256614,4.774970336106962,4.78243038628403,4.767177321770559,4.768907956386934,4.774549299056699,0.13578280934234008,0.0016170903825849913,0.0016170903825849913,0.007283785391297731,0.0056214715683530056,2,4.812793305845819,0.023220414899931645,-0.030362919561788715,0.030362919561788715,0.0,0.0,-1.0508613887930962,0.1280245304045379
2000cn,269.418,27.8328,0.0226,34.9992,0.267367,34.85936508733082,0.1398349126691798,0.267367,24686,101026,397464,1641937,3719736,9655936,5.099438427005645,5.109347575425982,5.102149018849043,5.116146889999911,5.119119852510125,5.089704542185257,0.3661716901668934,0.00031570028761326976,0.00031570028761326976,0.011042834292632343,0.004904668708625484,8,3.603030691253947,2.542683536053035,1.4991183275950961,1.4991183275950961,6.0,0.0,9.758035477210676,0.1398349126691798
2000dg,1.5575,8.8882,0.03725,36.0748,0.289284,35.967239448921376,0.1075605510786275,0.289284,13322,52272,207841,882814,2023140,5927582,4.8315721378551295,4.823187544043576,4.820583440137901,4.846659839672194,4.854633769242406,4.8777877624632415,0.16327585629713354,0.015913753568008736,0.015913753568008736,0.02182855159097156,0.0169316822508431,7,4.963140333588848,0.13457518029905674,-0.1425568934509469,0.1425568934509469,2.0,0.0019166129953110311,2.0153251952615068,0.1075605510786275
2000dk,16.848,32.4064,0.01649,34.1436,0.28269,34.16527333072595,-0.0216733307259531,0.28269,15567,58787,183050,587983,1272515,3565581,4.899202932886068,4.874198804137784,4.765422233062589,4.670155644356334,4.653270869518186,4.6570405472841925,0.12352675359062028,-0.09522955272601605,0.09522955272601605,0.11156682758217665,0.14718602737200603,7,3.342493523356008,2.6231864540523615,1.4229287097065808,1.4229287097065808,0.0,0.0,2.0660038089766477,0.0216733307259531
2000dm,274.746,16.2482,0.01472,34.0109,0.270222,33.91589604458839,0.095003955411606,0.270222,0,0,0,0,37207,983452,0.706970109961791,0.10491011863382857,-0.4971498726941338,-1.0992098640220962,3.1192439443700013,4.097663728106886,-3.668676684716224,1.062808991197326,1.062808991197326,2.0780154950650482,0.8685889638065035,7,4.21344534706712,2.094417016185946,-4.710595219761254,4.710595219761254,4.0,0.0010663173847516617,6.811690364360422,0.095003955411606
2001V,179.354,25.2025,0.01592,33.7902,0.290577,34.087980293923174,-0.297780293923175,0.290577,12995,56691,240043,1022923,2337956,6443833,4.820779812634736,4.858431897086122,4.88314098237482,4.91063350418984,4.9174441371669335,4.914054462638522,0.2083547496586822,0.032687176325107065,0.032687176325107065,0.03842484430143334,0.0376554998474838,8,4.850441275738474,0.061743797148772275,0.032699706636345915,0.032699706636345915,0.0,0.0,-1.0046791742473498,0.297780293923175
2001br,277.607,34.1036,0.02046,34.8118,0.300223,34.639980330515435,0.171819669484563,0.300223,23724,95140,386841,1538796,2857665,6319316,5.082176331061121,5.0832778304875195,5.090383747261847,5.087971466923888,5.004619085556797,4.905580260340222,0.3576936489222381,-0.04907218063661119,0.04907218063661119,0.07453772907354755,0.0033857430052420096,8,3.588774455782282,2.5331243432202957,1.5016092914795651,1.5016092914795651,3.0,0.0,5.852306137287543,0.171819669484563
2001cj,200.437,31.2468,0.02491,35.1973,0.228493,35.07431778483845,0.1229822151615493,0.228493,15255,60926,251628,965391,2085594,5610938,4.89041078999974,4.889719912948652,4.903610818984475,4.885493831568666,4.867837594851607,4.853945665878116,0.2231052904993104,-0.011752413634108711,0.011752413634108711,0.017871942611271112,0.00304847332464976,7,4.845119923543787,0.07825360142746599,0.05849089544068864,0.05849089544068864,0.0,0.0,-0.9848870563491386,0.1229822151615493
2002de,244.127,35.7084,0.0305,35.3638,0.283742,35.52267142458615,-0.1588714245861524,0.283742,13186,52807,207012,834489,1893275,5417247,4.827116116149902,4.827609838377358,4.818847746439053,4.822211272714151,4.825821547487843,4.838688836548172,0.16202511740361394,0.0021898285997463576,0.0021898285997463576,0.006742549699253006,0.0038942419551107363,8,4.894832751477997,0.0889575127170603,-0.07598500503894456,0.07598500503894456,0.0,0.0,-0.9720551008250474,0.1588714245861524
2002ha,311.827,0.3127,0.0122,33.708,0.24076,33.50413805371818,0.2038619462818189,0.24076,24962,99976,392475,1636877,3716737,10102199,5.104266886691477,5.10481021941414,5.0966632319890595,5.114806447704295,5.118769565789108,5.109326080913166,0.36221863843207885,0.004058416908248508,0.004058416908248508,0.007957815350121442,0.007210754490900215,6,1.2180483449060766,2.6617644019787225,3.878614887082983,3.878614887082983,0.0,0.0031989521542549844,2.6739145811226868,0.2038619462818189
2002he,124.995,62.8203,0.02469,35.1139,0.15531,35.05470978415634,0.0591902158436639,0.15531,11478,45851,183096,738619,1643479,4582675,4.766874165846196,4.766268402369862,4.765531355855955,4.769211199070877,4.764372041256811,4.766029271888599,0.12360538735066831,-0.00022181516041921772,0.00022181516041921772,0.0016215696466654018,0.002122779103449647,3,4.821186630375699,0.09244395575596155,-0.0556552745197445,0.0556552745197445,0.0,0.0,-0.9678755181657678,0.0591902158436639
2002jy,20.3178,40.4987,0.0187,34.9988,0.187715,34.441879852468034,0.5569201475319687,0.187715,0,0,0,0,0,0,0.706970109961791,0.10491011863382857,-0.4971498726941338,-1.0992098640220962,-1.4513923821334587,-1.8950898813661714,-3.668676684716224,-0.8685889638065037,0.8685889638065037,0.9818347962932731,0.8685889638065035,7,3.3167841419434376,2.6056819948932715,-3.8139340146375713,3.8139340146375713,0.0,0.0,2.0450192888955563,0.5569201475319687
2003ch,109.491,9.693,0.02895,35.6024,0.169987,35.407003687685844,0.1953963123141591,0.169987,0,0,0,0,0,1597,0.706970109961791,0.10491011863382857,-0.4971498726941338,-1.0992098640220962,-1.4513923821334587,1.308486893611801,-3.668676684716224,-0.17201927469969325,0.17201927469969325,1.062221304574251,0.8685889638065035,4,3.597219046819818,2.7299146977045465,-4.094368919513952,4.094368919513952,0.0,0.0,2.1939506910701647,0.1953963123141591
2003he,359.738,-2.2481,0.02404,35.0862,0.240547,34.9957572168146,0.0904427831854022,0.240547,23236,92476,357370,1458237,3315164,9256871,5.073150167950906,5.070943851209217,5.05596943470612,5.064618547237868,5.06911276653681,5.07137437716942,0.33289473466925634,-0.0006647664195439407,0.0006647664195439407,0.006366290302316631,0.004562742335790158,7,4.963272458139235,0.1099762615008916,0.09269697656688525,0.09269697656688525,0.0,0.002173597038270178,-0.5652234780052972,0.0904427831854022
2003it,1.452,27.4527,0.02413,35.079,0.205996,35.00401272186571,0.0749872781342873,0.205996,12249,53432,233081,949438,2170057,6046290,4.795106198662342,4.832719676999212,4.870358863278112,4.878257203192686,4.88507895943089,4.886399163998442,0.19914396926208483,0.030401262122766667,0.030401262122766667,0.03659945970965395,0.03284838160683816,5,3.781166678316391,2.392362263852072,1.0891921849617208,1.0891921849617208,0.0,0.0,1.7892894694796593,0.0749872781342873
2003iv,42.5302,12.8462,0.03351,35.9118,0.165632,35.73171106567749,0.1800889343225122,0.165632,13844,54863,198190,542038,1143861,3241214,4.848263070043385,4.8441975864046976,4.7999340562690325,4.634820671363983,4.606981250493467,4.6156179587424555,0.1483959339069429,-0.09730607446597042,0.09730607446597042,0.11750925376231351,0.15103351850293467,4,4.279601030215083,0.5697004810197753,0.5203330260539492,0.5203330260539492,0.0,1.6792399759868682e-05,-0.392787276607171,0.1800889343225122
2003kc,146.643,30.6553,0.0341,35.8566,0.205773,35.770523081693135,0.0860769183068654,0.205773,14447,60092,242724,979488,2131151,5696538,4.866777842931222,4.883734004306636,4.887964637065446,4.891789699058913,4.877222043839346,4.860521193653602,0.21183066970982745,-0.0012282158132549265,0.0012282158132549265,0.01228315333240619,0.005810955435012453,4,4.861704025583624,0.05858236817042787,0.026260611481822238,0.026260611481822238,0.0,0.0,-1.0084691268118975,0.0860769183068654
20040,328.879,0.8151,0.28655,40.6389,0.217509,40.71959602270656,-0.0806960227065616,0.217509,29980,121403,454886,1666283,3576013,9126330,5.183816224372618,5.189143114675449,5.160753652816985,5.122539160132294,5.102006828245132,5.065206334644724,0.4084021223524847,-0.04153866681215496,0.04153866681215496,0.04911722667466375,0.04804459746150211,5,5.1290994993057275,0.01369766481353335,0.031654153511257554,0.031654153511257554,0.0,0.0033208251909309537,-0.47921608313187525,0.0806960227065616
2004L,156.767,16.0187,0.03344,35.829,0.273673,35.727061982347564,0.1019380176524364,0.273673,13956,59879,248449,969728,2181303,6137876,4.851762188459506,4.882191910304844,4.898089128387418,4.887440519472611,4.8873238136250325,4.892928299771583,0.21912636657263906,0.010532463854642923,0.010532463854642923,0.016374481282918,0.003786071208951408,3,4.8762613459562685,0.010231847949264967,0.021827782431149245,0.021827782431149245,0.0,0.0,-1.0664322122914804,0.1019380176524364
2004br,187.783,0.6132,0.02426,34.807,0.18246,35.01588403420042,-0.2088840342004161,0.18246,17169,66809,253990,1022575,2319387,6433872,4.941740405122707,4.9297515903875295,4.907668455266015,4.910485731536542,4.913981023755009,4.9133826026254,0.2260292185612978,-0.00940660504137824,0.00940660504137824,0.013333078006340959,0.013897379511393224,7,4.826959052200871,0.2512728684040723,0.08070940306514451,0.08070940306514451,0.0,0.0,-0.77746983486927,0.2088840342004161
2004gs,129.597,17.6277,0.02829,35.5996,0.235009,35.35589709211966,0.2437029078803405,0.235009,18166,68368,251253,989375,2219980,6319286,4.9662533261517545,4.939769346366863,4.902963111820379,4.896151507142529,4.894956875366519,4.905578198588076,0.2226385534579283,-0.02221419688132112,0.02221419688132112,0.028948700609751136,0.0314636201716199,6,3.97789029889368,2.1937318394473726,0.9250728129266994,0.9250728129266994,0.0,0.0,1.5511693372462916,0.2437029078803405
2004gu,191.603,11.9489,0.0467,36.4713,0.19409,36.47262618018118,-0.0013261801811808,0.19409,16623,66695,253678,997251,2235361,6449827,4.927705640174893,4.929009907122807,4.907134644343907,4.899595051943078,4.897955481742507,4.914458251928494,0.22564455502157937,-0.008528170947957136,0.008528170947957136,0.013523076871067158,0.021218332848130933,3,4.864671551347567,0.08319371738797611,0.0424630929963401,0.0424630929963401,0.0,0.0,-0.9789647961048161,0.0013261801811808
2005ag,224.182,9.3285,0.08024,37.6668,0.119289,37.697615879192725,-0.0308158791927226,0.119289,18220,69723,266817,1076336,2416825,6684734,4.967542318085283,4.948292412850564,4.929065251789448,4.9327384057523815,4.931853002258459,4.929994314028561,0.24144772565522535,-0.011567709760884814,0.011567709760884814,0.015271451185366873,0.011219844453249693,2,4.936065096233142,0.026300913340654663,-0.006999844443693171,0.006999844443693171,0.0,0.0,-1.0471684565635648,0.0308158791927226
2005de,270.597,26.0521,0.01495,34.1793,0.26677,33.949928923674754,0.2293710763252434,0.26677,25027,105826,445615,1698310,3663654,9046921,5.105396256267275,5.129506603488415,5.151810903248381,5.130807358526769,5.1125221880341,5.061410964602608,0.40195798724507603,-0.01175114250062684,0.01175114250062684,0.030935935096297572,0.0009382964216224254,8,3.5823793303146476,2.5301666443126063,1.5694315729337336,1.5694315729337336,4.0,0.0,7.146850313126254,0.2293710763252434
2005hc,29.1998,-0.2137,0.04496,36.4634,0.173532,36.38753096987244,0.0758690301275635,0.173532,27614,106036,429759,1719776,3861883,10638124,5.148115157521487,5.130367550804314,5.136076118294487,5.136262272450445,5.135406842536095,5.131775207691458,0.3906195192100436,-0.0032246721382751253,0.0032246721382751253,0.006262715777055234,0.004252142843146952,2,4.52500940720123,0.8870937734119401,0.6110667110932573,0.6110667110932573,1.0,0.0015171933183041357,1.549233090470549,0.0758690301275635
2005ir,19.1825,0.7946,0.0749,37.5656,0.154994,37.54033421977312,0.0252657802268885,0.154994,25220,102480,436410,1729978,3873886,10597908,5.108732412098616,5.115553473196015,5.142745816012028,5.138830967291974,5.13675456620828,5.130130304715373,0.39542569575425834,0.00858471565075809,0.00858471565075809,0.013699116913994737,0.016791162648281108,4,5.134054330356444,0.029420410298372678,0.008691485655583975,0.008691485655583975,0.0,0.01319477081562751,1.2732724782732805,0.0252657802268885
2005kc,338.531,5.5684,0.01386,34.0187,0.307194,33.78380361956941,0.234896380430591,0.307194,16695,64788,246982,997228,2255865,6808551,4.929582546019189,4.916411395417657,4.895517188823527,4.899585035529701,4.901920916551531,4.937964877348981,0.21727302986554992,-0.0011427111107315535,0.0011427111107315535,0.0174168744998682,0.012137652983283466,6,3.136328456470471,2.815543014610032,1.7591887323530564,1.7591887323530564,0.0,0.0031989521542549844,2.858265914430138,0.234896380430591
2005ki,160.118,9.2023,0.02066,34.5709,0.187708,34.6614192514974,-0.0905192514973975,0.187708,16845,64411,256403,1020991,2270368,6256695,4.93346690631731,4.913876902892655,4.911774923364725,4.909812475156423,4.9047040660905585,4.90125517264765,0.22898833477486782,-0.009160111500206972,0.009160111500206972,0.011282519890358911,0.002931864869556612,7,4.799495937583413,0.23933846345839452,0.11227898578131246,0.11227898578131246,0.0,0.0,-0.7917769184507927,0.0905192514973975
2005ku,344.927,-0.0137,0.04397,36.2916,0.249078,36.33767532411255,-0.0460753241125502,0.249078,28483,114611,451786,1699570,3495398,8458153,5.161571087059552,5.16414020974641,5.157783857410591,5.131129448035634,5.092104375518411,5.032185706839052,0.4062620911804886,-0.040172896760541574,0.040172896760541574,0.052264493281320414,0.02381223110805206,5,4.896492975519155,0.07767265688232051,0.2612908818914361,0.2612908818914361,0.0,0.0024160655800130673,-0.5613774073164628,0.0460753241125502
2005lz,32.7073,34.9828,0.04541,36.3247,0.195021,36.40984098444521,-0.0851409844452106,0.195021,0,0,0,66688,284439,1596101,0.706970109961791,0.10491011863382857,-0.4971498726941338,3.724844341209752,4.002598287834771,4.307970760424025,-3.668676684716224,1.5870230270982966,1.5870230270982966,2.181322210774726,2.6112305756272653,2,1.6009658625273036,2.9671837281785547,-2.0981157352214375,2.0981157352214375,0.0,0.0,2.4783911693135225,0.0851409844452106
20064,358.586,-0.9176,0.10351,38.2079,0.196456,38.28358605735015,-0.075686057350147,0.196456,25019,98015,398479,1565827,3485461,9115805,5.105257415319192,5.096207093760308,5.103256656030193,5.095534190792158,5.090867970100372,5.064705192708423,0.3669698522523417,-0.010152393853487514,0.010152393853487514,0.014673149486387706,0.00048539688757460005,7,5.146231237683098,0.017600263937293786,-0.042974581652905464,0.042974581652905464,0.0,0.004548837785395092,-0.25892656420692617,0.075686057350147
2006ac,190.437,35.0686,0.02395,34.9871,0.184147,34.98747125754999,-0.0003712575499932,0.184147,11216,44239,183277,762681,1726065,4982141,4.756846829835673,4.750725236930471,4.765960464324707,4.78313363273646,4.78566501578559,4.802326220183889,0.12391460242229277,0.016357248496951686,0.016357248496951686,0.01960805210912069,0.02337771595623357,8,4.8652016457595835,0.059709661516458734,-0.09924118143487615,0.09924118143487615,0.0,0.0,-1.0071177163146026,0.0003712575499932
2006bt,239.127,20.046,0.03241,35.772,0.224228,35.65753109428143,0.1144689057185672,0.224228,16209,66231,256494,1004996,2264928,6424626,4.916753124810306,4.925977988218681,4.911929030891813,4.902954901331038,4.903662210356006,4.912758037167261,0.22909938448256728,-0.0048422298505570215,0.0048422298505570215,0.008592998898683507,0.01660764663937921,7,4.917964951561943,0.08339010910092833,-0.006035920670129258,0.006035920670129258,0.0,0.0,-0.978729359762182,0.1144689057185672
2006cf,163.511,46.0267,0.04223,36.2931,0.151018,36.24734526865024,0.045754731349767,0.151018,11638,46740,177395,699533,1610069,4524096,4.772885778150383,4.774608118299709,4.751793950256406,4.74559896367428,4.755452375856695,4.76044202658334,0.11370622859310245,-0.006640989871006004,0.006640989871006004,0.011618468536935558,0.020925681759243916,4,4.763044656935019,0.015191545183622777,-0.011250706678612943,0.011250706678612943,0.0,0.0,-1.0604864778209317,0.045754731349767
2006dm,355.449,-3.669,0.02161,34.8059,0.18018,34.760538736077194,0.0453612639228069,0.18018,14492,60664,241790,1038048,2471604,7584568,4.868128402167973,4.8878483205682635,4.8862902587227595,4.917007990383739,4.941586682977706,4.984841025280644,0.21062411459180516,0.035648361338960106,0.035648361338960106,0.043229583265401245,0.021034255518373342,6,4.9790168925976275,0.08473728338979612,-0.09272663387486801,0.09272663387486801,0.0,0.001394849499406267,-0.7322105487162273,0.0453612639228069
2006ev,322.747,13.9892,0.02759,35.6739,0.216353,35.300398912812724,0.3735010871872788,0.216353,20771,83787,338795,1365373,3116254,8703455,5.0244484238848095,5.028091942670319,5.032788401490561,5.036041764562378,5.042240606200085,5.044601856734547,0.31619050865639325,0.0068776561855666395,0.0068776561855666395,0.0078628653305135,0.005734584309812222,5,2.4084692221706634,2.782294548108734,2.6243191793198974,2.6243191793198974,0.0,0.0,2.256744177727559,0.3735010871872788
2006oa,320.929,-0.8435,0.06142,37.0747,0.183316,37.08967200129999,-0.0149720012999878,0.183316,32722,134737,510257,1889192,4042472,10132556,5.221823222311951,5.234400215195016,5.210639949765251,5.17706646370037,5.15525474576714,5.110629174148062,0.444350130856666,-0.03805438464911912,0.03805438464911912,0.04675996811802709,0.04135755947844357,1,4.884847346858625,0.0,0.3257926029066258,0.3257926029066258,0.0,0.0,-1.0786982535788243,0.0149720012999878
2006qo,120.035,56.3688,0.02871,35.4779,0.275376,35.388552930960714,0.0893470690392845,0.275376,12480,48207,187327,741972,1698665,4811125,4.803219493151403,4.788029232963111,4.775452823723545,4.771178237800921,4.778715612028895,4.787156849551807,0.1307547857445392,-0.006103548834457387,0.006103548834457387,0.011497440312568746,0.012155423577267567,4,4.8192270947487446,0.1072914440433033,-0.043774271025199596,0.043774271025199596,0.0,0.0,-0.9500762012438453,0.0893470690392845
2006sr,0.8959,23.1962,0.02307,34.9949,0.180801,34.904799699948185,0.0901003000518159,0.180801,14893,57698,214694,910474,2126824,5971117,4.879981459469142,4.866078404956886,4.834672057640136,4.860058161330031,4.87633937450127,4.880965772338217,0.17342809794994044,0.0017888455018729953,0.0017888455018729953,0.01756347412847211,0.004342687812703583,7,4.134057517337882,2.0440584602387317,0.7006145403022535,0.7006145403022535,0.0,0.0003966588556225497,1.4413836600133654,0.0901003000518159
2006td,29.5657,36.3494,0.01504,34.1727,0.365029,33.96310531088743,0.2095946891125706,0.365029,0,0,0,0,68437,976952,0.706970109961791,0.10491011863382857,-0.4971498726941338,-1.0992098640220962,3.383904927302885,4.094783789485011,-3.668676684716224,1.0985679518594635,1.0985679518594635,2.1314577425731,0.8685889638065035,5,2.7024916145371636,2.9211777276272386,-3.1996414872312973,3.1996414872312973,0.0,0.0,2.4232387173785277,0.2095946891125706
2007O,224.022,45.4047,0.03732,35.8938,0.151724,35.971423908676755,-0.077623908676756,0.151724,13542,50548,196572,785797,1755411,4729879,4.838684988426859,4.808622687091459,4.796373993008112,4.796101055096006,4.792986680735222,4.77976024119005,0.14583055639432246,-0.01648949971854108,0.01648949971854108,0.02015885863767678,0.009032448191838212,6,4.8003248367827265,0.03219834237446072,-0.003950843774614299,0.003950843774614299,0.0,0.0,-1.0400985598668453,0.077623908676756
2007ae,255.467,79.0318,0.06485,37.0851,0.153034,37.21274906559076,-0.1276490655907594,0.153034,11257,45883,189859,760773,1662953,4212910,4.758431354285975,4.766571389724545,4.781283603843282,4.782045797833816,4.769487853963709,4.729492403154182,0.1349564392276128,-0.004976327657384796,0.004976327657384796,0.019396173612083997,0.01116242591996864,0,,,,,0.0,0.0,,0.1276490655907594
2007fb,359.218,5.5088,0.0168,34.4009,0.221698,34.20620836687701,0.1946916331229928,0.221698,14330,57293,240479,978440,2313799,6968147,4.863246605964807,4.863019262358137,4.883929090548699,4.891324778800783,4.912933434604043,4.948027484930325,0.20892265950707645,0.02666269867766968,0.02666269867766968,0.032530652361140784,0.020418114100802884,8,4.952224763596415,0.08721274622644123,-0.06829567304771533,0.06829567304771533,0.0,0.0014011466493162178,-0.7281373030886737,0.1946916331229928
2007kk,55.5969,39.2418,0.0413,36.2521,0.175538,36.19756922768543,0.0545307723145711,0.175538,0,0,0,0,0,0,0.706970109961791,0.10491011863382857,-0.4971498726941338,-1.0992098640220962,-1.4513923821334587,-1.8950898813661714,-3.668676684716224,-0.8685889638065037,0.8685889638065037,0.9818347962932731,0.8685889638065035,1,-0.4971498726941338,0.0,0.0,0.0,0.0,0.0,-1.0786982535788243,0.0545307723145711
2007nq,14.3899,-1.3886,0.04275,36.2137,0.152187,36.27471407186052,-0.0610140718605194,0.152187,29949,117714,446096,1740205,3897231,10749103,5.183366936687121,5.175741925590742,5.152279429929176,5.14139079769027,5.13936387773179,5.136282383436768,0.4022956070351981,-0.017231964633183414,0.017231964633183414,0.020109434101555843,0.024779100935477062,5,4.951746567096494,0.15210953960201307,0.20053286283268168,0.20053286283268168,2.0,0.006781971388455007,2.8905916876202373,0.0610140718605194
2008050,204.198,5.1418,0.04627,36.2636,0.218105,36.45188692693954,-0.1882869269395399,0.218105,16111,64872,263087,1047776,2345090,6641877,4.914119563171334,4.916974100629415,4.922951166753654,4.921058996893882,4.91876731780935,4.927201012718628,0.23704192297378032,0.003284287611396988,0.003284287611396988,0.004620583650621235,0.002946629791646082,5,4.805152662993905,0.26396996679087886,0.1177985037597491,0.1177985037597491,0.0,0.0,-0.7622484267898795,0.1882869269395399
2008051,229.995,4.9046,0.03835,36.0125,0.17035,36.03212555178247,-0.0196255517824681,0.17035,17303,70822,282136,1106937,2516235,7053021,4.945116616392826,4.955084437777904,4.953310171426958,4.944913432545932,4.9493589894136605,4.953285357145054,0.25891858700651443,0.0006366885625857558,0.0006366885625857558,0.00441686202213545,0.007336829404510779,4,3.3506247970887704,2.5970343076388387,1.6026853743381877,1.6026853743381877,0.0,0.0,2.0346523552361746,0.0196255517824681
20084,347.975,-0.5781,0.13834,39.0401,0.319084,38.96078847881069,0.0793115211893109,0.319084,28208,111146,438432,1682658,3529568,8391221,5.157357800789982,5.150807863662281,5.1447533625142245,5.1267862487312765,5.09632929426012,5.028735329666575,0.3968723314668335,-0.037248728351216856,0.037248728351216856,0.04869167260621107,0.01732793236755201,8,5.136150458130363,0.03622017775853202,0.008602904383861798,0.008602904383861798,0.0,0.012716655674082493,1.1974779772501165,0.0793115211893109
2008R,45.9738,-11.9943,0.0126,33.8286,0.265115,33.57483044596711,0.2537695540328926,0.265115,24926,97929,391862,1573054,3552785,9441911,5.103640123650301,5.095825873139913,5.0959843863072525,5.097534043457467,5.099176666667962,5.0799700670598735,0.36172946301046094,-0.004831032796672675,0.004831032796672675,0.008066109971935412,0.0012321844230648357,8,2.941773322384607,2.8490934966294237,2.1542110639226455,2.1542110639226455,4.0,0.0,7.529183001958065,0.2537695540328926
2008Y,169.877,54.4628,0.07028,37.2961,0.226908,37.3953415044323,-0.0992415044322996,0.226908,12457,49443,198473,748434,1651439,4576530,4.802418436499913,4.799023716387266,4.80055374975967,4.774944224735654,4.76647041742454,4.765446527117854,0.14884248432728242,-0.014464858409403515,0.014464858409403515,0.017711975142493692,0.01736968159645411,2,4.77835014420169,0.0006188035830365689,0.022203605557979955,0.022203605557979955,0.0,0.0,-1.077956425676776,0.0992415044322996
2008bf,181.012,20.2452,0.02451,35.1061,0.235556,35.038538686073416,0.067561313926582,0.235556,16069,62884,247183,1003237,2276252,6340881,4.912985986725135,4.903457183886556,4.895870483137703,4.902194109701546,4.905828149050666,4.907059789936908,0.21752761334412768,-0.00111880413440038,0.00111880413440038,0.005677596941947312,0.0009111154314943457,8,4.878737587438819,0.04757893191682684,0.0171328956988841,0.0171328956988841,0.0,0.0,-1.0216601558477643,0.067561313926582
2008bz,189.741,11.1295,0.0613,37.1631,0.123921,37.08524725157544,0.0778527484245614,0.123921,14245,63000,250504,1021152,2315838,6528516,4.860663049970341,4.904257561595905,4.901666525975152,4.909880953557058,4.913315981280299,4.919724657969787,0.22170423518132878,0.016076679739462522,0.016076679739462522,0.021058210676171696,0.0040564198476646844,3,4.906825083409202,0.016283070884748466,-0.005158557434049804,0.005158557434049804,0.0,0.0,-1.0591779459327926,0.0778527484245614
2008gg,21.346,-18.1724,0.03107,35.67,0.236835,35.56376384482163,0.1062361551783723,0.236835,28006,111406,453918,1805268,4071176,11457930,5.154236701355045,5.151822598213583,5.159828488992221,5.157332060508355,5.158327602204245,5.164016321221058,0.40773545035887354,0.0030702858509376835,0.0030702858509376835,0.0042761306850285135,0.00397423696531631,2,4.990124399864822,0.09310691082578407,0.1697040891273991,0.1697040891273991,0.0,6.549035906348784e-05,-0.9555821454805957,0.1062361551783723
2009D,58.5951,-19.1817,0.02476,35.008,0.162015,35.06096726178399,-0.0529672617839906,0.162015,27278,110602,441740,1720974,3880579,10766627,5.142798555768738,5.148677025582398,5.148017837289639,5.136564697507726,5.137504258918091,5.136989826547115,0.3992247082549919,-0.00347270440749277,0.00347270440749277,0.005584647049065735,0.008737197823474407,2,5.001806431492767,0.07658602326147326,0.14621140579687175,0.14621140579687175,0.0,0.0,-0.9868861656728273,0.0529672617839906
2009bv,196.835,35.7844,0.03748,36.2564,0.149974,35.980959704310784,0.275440295689215,0.149974,12861,53646,205423,789694,1731248,4888181,4.81627861520854,4.83445555938362,4.81550130881966,4.798249524238803,4.786967153418974,4.794057486106507,0.1596136782838613,-0.012767789927885118,0.012767789927885118,0.017638107550162707,0.02611713367683936,3,4.769566946171804,0.02672245989590934,0.045934362647855664,0.045934362647855664,0.0,0.0,-1.0466631023521917,0.275440295689215
2009dc,237.801,25.7078,0.02179,34.3468,0.19901,34.77883449732403,-0.4320344973240253,0.19901,17577,67659,265338,1043329,2327341,6252415,4.951939570097989,4.93524211208579,4.9266512153582385,4.919211831280167,4.915467824874467,4.900957984413172,0.2397081737648829,-0.015262242735928303,0.015262242735928303,0.0175254378591983,0.011563403311164896,5,4.840154021016192,0.07147049877034578,0.08649719434204606,0.08649719434204606,0.0,0.0,-0.9930187074116923,0.4320344973240253
2009do,188.743,50.8512,0.04027,36.0403,0.147245,36.14115112866702,-0.100851128667017,0.147245,10796,43531,173811,700673,1584153,4484645,4.740273211334364,4.7437187391339934,4.742929884193406,4.74630613834942,4.748405016142268,4.756638285899279,0.10731879272980693,0.004538572200191402,0.004538572200191402,0.005755293895299415,0.0018664140084476632,5,4.780421147878113,0.026013557220682552,-0.03749126368470712,0.03749126368470712,0.0,0.0,-1.0475129419438427,0.100851128667017
2009ds,177.267,-9.7291,0.02033,34.5072,0.233893,34.625933962345286,-0.1187339623452885,0.233893,0,5323,56910,364584,940532,2924797,0.706970109961791,3.831148165436466,4.2580463440979255,4.462588932630276,4.521981655888479,4.571005995713667,-0.24208773148998258,1.0734974315993087,1.0734974315993087,1.5032533444494458,0.4554882317228163,3,4.910195352803984,0.0022110724462954014,-0.6521490087060586,0.6521490087060586,0.0,0.0,-1.0760475978957014,0.1187339623452885
2009kk,57.4345,-3.2644,0.01244,33.7023,0.266666,33.546824140729484,0.155475859270517,0.266666,20517,77787,281894,1078338,2253943,5785492,5.019105135441753,4.995822724161539,4.952937500120827,4.933545448484535,4.901550739517575,4.867250491093066,0.2586500404897032,-0.04990189700120443,0.04990189700120443,0.05692371724853862,0.04492355838964413,6,2.2820805563743107,3.0451284478752605,2.670856943746516,2.670856943746516,3.0,0.0,6.466101760339046,0.155475859270517
2009na,161.756,26.5439,0.02209,34.7477,0.199095,34.80899916138554,-0.0612991613855413,0.199095,14813,58918,232491,935020,2091908,5918578,4.877642450277367,4.875165485823984,4.8692581408086975,4.871611500948499,4.86915040625612,4.8771275674957755,0.19835078991000185,-0.0010825499593979232,0.0010825499593979232,0.003831186108683359,0.0025636581776278746,7,4.859103979396915,0.07213084886354224,0.010154161411782603,0.010154161411782603,0.0,0.0,-0.9922270731392312,0.0612991613855413
2009nq,348.821,19.0229,0.01527,34.1657,0.28688,33.99642710300952,0.1692728969904777,0.28688,15104,62362,277036,1069334,2376556,6424892,4.88609083957109,4.899837117583399,4.945387902950577,4.9299039177627355,4.924555852861133,4.912776017968443,0.2532098094065915,0.01032313368436062,0.01032313368436062,0.02142557322937203,0.021688611757064238,8,4.188752067639384,1.8938566522388103,0.7566358353111928,0.7566358353111928,0.0,0.0004029560055325004,1.2624258718524577,0.1692728969904777
2010Y,162.766,65.7797,0.01142,33.7403,0.254135,33.35942260335601,0.3808773966439887,0.254135,11125,44708,179711,728931,1648474,4511131,4.7533091655666,4.755305074806071,4.757427204747521,4.763477152084348,4.765689983088889,4.759195653785825,0.11776554533418707,0.00330722768162614,0.00330722768162614,0.004760747091891232,0.005894907681565932,7,4.790147012953673,0.14228120531128216,-0.032719808206151946,0.032719808206151946,0.0,0.0,-0.9081301267443541,0.3808773966439887
2010ag,255.973,31.5017,0.03336,35.8159,0.198961,35.72173707667897,0.0941629233210292,0.198961,18415,71588,274679,1080728,2422791,6733916,4.972165416247508,4.959756414596639,4.941677166028034,4.934506941346926,4.932923748830403,4.93317787775092,0.2505358566257974,-0.013833907186810176,0.013833907186810176,0.016489420448733097,0.01821364492121026,5,4.902795829148251,0.09840342209642186,0.03888133687978357,0.03888133687978357,0.0,0.0,-0.9607312505275966,0.0941629233210292
2010ai,194.85,27.9964,0.01918,34.9792,0.21848,34.497673850023645,0.4815261499763537,0.21848,18224,64647,243356,1014721,2270117,6161041,4.967637646951803,4.915465212391628,4.88909397025297,4.907137212312864,4.904656050133209,4.8945642880352676,0.21264446591264607,-0.018857486877880473,0.018857486877880473,0.028307829399103313,0.006007382207078018,8,4.836691179874732,0.06635943097411223,0.05240279037823825,0.05240279037823825,0.0,0.0,-0.9991459064203052,0.4815261499763537
2010ao,205.921,3.9,0.02422,34.943,0.2098,35.01223799931779,-0.0692379993177922,0.2098,19347,69348,267485,1084778,2445042,6693016,4.993606188678209,4.945950321640636,4.930151183637475,4.936131405170142,4.9368941191578815,4.9305320467296365,0.24223024690245917,-0.016763478036081435,0.016763478036081435,0.024231607433781926,0.00708285104944188,5,4.923522872906232,0.01205136672166455,0.006628310731243481,0.006628310731243481,0.0,0.0,-1.0642509550546628,0.0692379993177922
2010dw,230.668,-5.9211,0.03871,36.0125,0.204712,36.05296726369818,-0.0404672636981757,0.204712,0,3092,36056,259745,702942,2545098,0.706970109961791,3.5952900386370077,4.059839717200702,4.315339004271398,4.395527728392631,4.510614798948051,-0.38491520005666235,1.0726394834439357,1.0726394834439357,1.452917432975735,0.5194055359589814,4,3.429614948243892,2.633413430976125,0.6302247689568099,0.6302247689568099,0.0,0.0,2.078264010830078,0.0404672636981757
2010kg,70.035,7.35,0.01595,33.9999,0.334729,34.09211606894792,-0.0922160689479199,0.334729,0,0,0,0,0,0,0.706970109961791,0.10491011863382857,-0.4971498726941338,-1.0992098640220962,-1.4513923821334587,-1.8950898813661714,-3.668676684716224,-0.8685889638065037,0.8685889638065037,0.9818347962932731,0.8685889638065035,6,3.1904284518434713,2.8573699781853747,-3.687578324537605,3.687578324537605,2.0,0.0,4.942925140998283,0.0922160689479199
2010ko,83.206,-14.0961,0.01096,33.8347,0.353909,33.26940885919768,0.5652911408023158,0.353909,0,0,0,0,0,885675,0.706970109961791,0.10491011863382857,-0.4971498726941338,-1.0992098640220962,-1.4513923821334587,4.052184994982863,-3.668676684716224,0.4245566988816261,0.4245566988816261,1.9971551795090332,0.8685889638065035,5,2.80100977637372,3.0113704860510353,-3.2981596490678537,3.2981596490678537,0.0,0.0,2.5313626949954156,0.5652911408023158
20111,354.394,0.2481,0.24267,40.4217,0.219858,40.30982696714684,0.1118730328531611,0.219858,32089,119013,456688,1687562,3519816,8467516,5.213339827057295,5.180508170489556,5.162470678442462,5.128050130838977,5.095127702379848,5.032666195872407,0.40963940905369156,-0.05540079479329259,0.05540079479329259,0.06491885546738307,0.037840476829323746,5,5.144454447979856,0.02096620393099044,0.018016230462605698,0.018016230462605698,0.0,0.014151280419877755,1.431078793899114,0.1118730328531611
2011ao,178.463,33.3629,0.01168,33.4974,0.301502,33.40872206745041,0.0886779325495865,0.301502,12722,47904,197305,820513,1896612,5335994,4.811559637141163,4.785290963135735,4.797990419487966,4.8148761315691795,4.826586340895056,4.832125532594527,0.14699535146629217,0.011006716269723837,0.011006716269723837,0.017514451980534636,0.02134118789139722,6,4.842186942288715,0.07902587384591796,-0.044196522800749705,0.044196522800749705,0.0,0.0,-0.9839612484777961,0.0886779325495865
2013ex,83.1942,-14.0459,0.01096,33.4336,0.283424,33.26940885919768,0.1641911408023162,0.283424,0,0,0,0,0,847260,0.706970109961791,0.10491011863382857,-0.4971498726941338,-1.0992098640220962,-1.4513923821334587,4.032927334630455,-3.668676684716224,0.4203694096649681,0.4203694096649681,1.9899266927243906,0.8685889638065035,6,3.133627163063087,2.8139807602355393,-3.630777035757221,3.630777035757221,0.0,0.0,2.2947299245950012,0.1641911408023162
2013fn,315.099,-14.4978,0.02724,35.2892,0.298907,35.272129521952934,0.0170704780470671,0.298907,0,0,2976,267229,887707,2845279,0.706970109961791,0.10491011863382857,2.9766289619525907,4.327675347652305,4.49687775161436,4.559035129776649,-1.1654756309473613,1.6344035142551034,1.6344035142551034,1.9979887866232768,3.0460812273716527,4,2.28621767682701,3.2140964347464,0.6904112851255806,0.6904112851255806,0.0,0.0,2.7743925825624935,0.0170704780470671
2013gq,124.473,23.4696,0.01457,33.7526,0.2163,33.893416011254246,-0.1408160112542447,0.2163,18398,69502,283957,1064315,2368838,6573936,4.971764329368947,4.946913669343751,4.95610423595455,4.9278607269831065,4.923143162427355,4.9227356564257585,0.2609319867083056,-0.016501340728253756,0.016501340728253756,0.020167235229222362,0.013743792729022845,8,4.822079113975969,0.07512528889691839,0.1340251219785813,0.1340251219785813,0.0,0.0,-0.9886373085860445,0.1408160112542447
2013gs,142.787,46.3848,0.01748,34.2221,0.320412,34.29344730935766,-0.0713473093576624,0.320412,12541,46569,182279,723565,1629234,4572478,4.805336906401122,4.7730163565665595,4.763589147216277,4.760268287367307,4.760591349101024,4.765061838204905,0.12220583402706862,-0.01218387070943497,0.01218387070943497,0.017298566402625906,0.009195788107335644,8,4.84272484311882,0.0867705914504893,-0.07913569590254266,0.07913569590254266,0.0,0.0,-0.9746768038332375,0.0713473093576624
2013gy,55.5703,-4.7218,0.01309,33.7355,0.239783,33.658457978792185,0.0770420212078164,0.239783,16079,66181,280269,1119350,2541848,6735556,4.913256154374223,4.9256500059037105,4.950426740828789,4.949756427564708,4.953757365337641,4.933283634360842,0.2568407902165121,0.009570516220688592,0.009570516220688592,0.016293396100667115,0.017389107491949628,7,2.6877060744606918,2.97975213298839,2.262720666368097,2.262720666368097,3.0,0.0,6.387727982543184,0.0770420212078164
2014ai,139.934,33.7637,0.02317,35.0225,0.271221,34.91434902767335,0.1081509723266478,0.271221,10579,43162,170673,737696,1745593,5206531,4.731455777660958,4.740021740885825,4.735017494252143,4.768668153290025,4.790550858345358,4.82145866059759,0.10161713359098822,0.029100744121927338,0.029100744121927338,0.03605725645097129,0.020664018557399605,8,4.880877873754894,0.07697018493380746,-0.14586037950275088,0.14586037950275088,0.0,0.0,-0.9864256288316592,0.1081509723266478
2014bj,290.663,43.8908,0.04239,36.5106,0.426487,36.25580119942797,0.2547988005720327,0.426487,0,0,0,0,1777,1187087,0.706970109961791,0.10491011863382857,-0.4971498726941338,-1.0992098640220962,1.798539374500736,4.179393033458518,-3.668676684716224,0.8990114927174181,0.8990114927174181,1.9064615231574142,0.8685889638065035,2,4.926142746374593,0.13707990118326352,-5.423292619068727,5.423292619068727,0.0,0.0,-0.9143655019667636,0.2547988005720327
2016afk,155.625,15.0966,0.04677,36.5642,0.229149,36.47598478339063,0.0882152166093703,0.229149,13570,54056,233862,943660,2174649,6063936,4.839581960457245,4.83776205863512,4.8718116438268115,4.875606142700929,4.885996987065193,4.887664799269948,0.20019084126329856,0.01865110455581578,0.01865110455581578,0.02231417208920954,0.02729873620436334,4,4.903868819124556,0.00948046484716648,-0.03205717529774432,0.03205717529774432,0.0,0.0,-1.0673329778422054,0.0882152166093703
2016hpw,317.283,-18.1039,0.02019,34.8165,0.241825,34.6107077262156,0.2057922737843966,0.241825,0,0,0,0,0,138747,0.706970109961791,0.10491011863382857,-0.4971498726941338,-1.0992098640220962,-1.4513923821334587,3.247136850282784,-3.668676684716224,0.24951106231385442,0.24951106231385442,1.6997781007298303,0.8685889638065035,3,4.368693531810737,1.205986245146918,-4.865843404504871,4.865843404504871,0.0,0.0,0.36705007539273904,0.2057922737843966
2018fop,18.8255,-6.859,0.02017,34.5899,0.199177,34.60852405621649,-0.0186240562164883,0.199177,23574,87440,316854,1293356,2957003,8374721,5.079421811371157,5.046625234318368,5.003710692026637,5.0125085539210295,5.019459529872115,5.0278805181194475,0.2952371444855617,-0.017103148830779777,0.017103148830779777,0.027626819127243185,0.02460998281041699,7,5.041810896149797,0.1102180657722771,-0.038100204123160175,0.038100204123160175,0.0,0.0007976389885937626,-0.8065204973891413,0.0186240562164883
20227,349.12,-0.0985,0.27574,40.6631,0.213576,40.624325462366414,0.0387745376335857,0.213576,30119,113017,437431,1710319,3493211,8488028,5.185825077490454,5.158057736259934,5.143760677646902,5.133867510248651,5.091832561258631,5.033716973329947,0.3961570038872077,-0.044420630055555944,0.044420630055555944,0.05413747245356391,0.017449559552230882,8,5.129075937303702,0.03902913771752326,0.014684740343199998,0.014684740343199998,0.0,0.006561824113700092,0.12019713770580498,0.0387745376335857
20364,25.7566,-0.9455,0.21729,40.1395,0.269611,40.04033432217089,0.0991656778291059,0.269611,25906,102576,420293,1679902,3749946,10578468,5.12038723507116,5.115960112032916,5.126403317488579,5.1260743416436805,5.122632747522207,5.129332936336339,0.383649310016312,0.0031002677800608253,0.0031002677800608253,0.004824182309730181,0.007295874450931346,4,5.1331019738926615,0.006349417019977924,-0.006698656404082293,0.006698656404082293,0.0,0.0015994760771274922,-0.7902549373188302,0.0991656778291059
20430,312.417,0.4686,0.16593,39.4938,0.241887,39.39155911353368,0.1022408864663262,0.241887,22771,93938,375838,1576478,3620084,10205150,5.064371285101301,5.077756051351471,5.077851971207629,5.098478325939808,5.107326385802351,5.113729553749769,0.34866326543563225,0.01678346039896016,0.01678346039896016,0.01943943338219462,0.014947961392266649,6,5.132652250067459,0.07706294433052613,-0.05480027885983052,0.05480027885983052,0.0,0.0005276451029031063,-0.8936719647308757,0.1022408864663262
20687,16.7181,1.1541,0.19026,39.6892,0.294972,39.719176403480645,-0.0299764034806457,0.294972,28833,113451,467793,1887428,4055277,10522537,5.166875004081769,5.159722274926249,5.172904774484853,5.176660759596655,5.156628249466136,5.127030621422671,0.41715820672380716,-0.008533242971761735,0.008533242971761735,0.017831434340440978,0.012218533917084022,7,5.15538201086534,0.018218058800488632,0.017522763619512993,0.017522763619512993,0.0,0.027048739622119556,3.692284392741958,0.0299764034806457
20764,26.1208,0.2298,0.16478,39.3182,0.150918,39.37498918256927,-0.0567891825692683,0.150918,25619,104184,419840,1669571,3792951,10474778,5.115549235370459,5.122715314697511,5.12593497509273,5.1233952886455905,5.127584964585405,5.125054987494788,0.38331182302171074,0.0029195610188493507,0.0029195610188493507,0.004213734257238859,0.0004904975214139151,6,5.136192305350774,0.016457238216010563,-0.010257330258044206,0.010257330258044206,0.0,0.007724042994565497,0.297196886158015,0.0567891825692683
20821,55.5726,1.0631,0.19534,40.1343,0.403955,39.78263391525039,0.3516660847496169,0.403955,5528,25473,95906,374522,826288,2587799,4.4496166999005275,4.511007263107933,4.484700433646786,4.474268629485659,4.465739589101626,4.517840827163424,-0.078761053884317,0.008888354113669226,0.008888354113669226,0.026401985109956738,0.02650132226794588,3,4.898780508853198,0.015339858300043129,-0.414080075206412,0.414080075206412,0.0,0.0,-1.0603086785789486,0.3516660847496169
21034,28.1414,1.2441,0.10751,38.4984,0.180059,38.37148159270064,0.1269184072993567,0.180059,31000,118594,433945,1699323,3805267,10223589,5.198345813069525,5.178976498065244,5.140285816815766,5.131066327087668,5.128992866837108,5.114513543142603,0.39365302314800665,-0.02797085702818648,0.02797085702818648,0.032619634757010775,0.03455988303874561,5,5.150167447479728,0.01753278404454669,-0.009881630663961971,0.009881630663961971,0.0,0.009719050835376832,0.6487642027379397,0.1269184072993567
300105,351.71,-0.7301,0.09181,38.1602,0.266341,38.00666607780474,0.1535339221952654,0.266341,28108,110388,422526,1647001,3502166,8411578,5.1558155054729315,5.147835917775983,5.128704593435014,5.117484262523758,5.092944469336764,5.029787646728909,0.3853076068303387,-0.036807591587440465,0.036807591587440465,0.04611954417191065,0.02189409125757787,7,4.300542543697899,2.1175215337539637,0.8281620497371147,0.8281620497371147,4.0,0.0012610360078960992,6.8735764458727875,0.1535339221952654
300179,351.142,0.227,0.17896,39.7672,0.201468,39.57218067724489,0.1950193227551153,0.201468,25825,105106,430529,1674928,3527961,8453815,5.119027256651947,5.126541759116294,5.136853546464906,5.124786538060171,5.096131516526099,5.0319629096718606,0.3911797330601631,-0.023341302508869177,0.023341302508869177,0.038666123388972476,0.0012661243566662078,5,5.145756870372719,0.020821678831221397,-0.008903323907813565,0.008903323907813565,0.0,0.016868475497814617,1.9079831086709924,0.1950193227551153
310039,36.2156,-3.3448,0.17156,39.4603,0.214715,39.47116657015734,-0.01086657015734,0.214715,27601,108983,434696,1685622,3817544,10665982,5.147910661501455,5.142272862246402,5.141036770284967,5.127550584482632,5.130391782949682,5.132911005780041,0.3941941593587198,-0.006133744824225707,0.006133744824225707,0.00790974184736917,0.010619878560189856,8,5.133005215502146,0.015735350076625874,0.00803155478282136,0.00803155478282136,0.0,0.004636239240645042,-0.24581653651129015,0.01086657015734
310090,351.308,-0.6051,0.34686,41.4163,0.370346,41.197014254049975,0.2192857459500246,0.370346,27366,110316,421313,1663835,3523561,8429504,5.144197302152519,5.147552561602555,5.1274560180057644,5.1219006527612665,5.095589535539188,5.030712191232431,0.3844078848045624,-0.03291085877281726,0.03291085877281726,0.04361435430549384,0.018503940837331208,4,5.135906892790524,0.018421729191910735,-0.008450874784759144,0.008450874784759144,0.0,6.530377684393378e-05,-1.0451482450889713,0.2192857459500246
320258,34.748,-4.8807,0.3409,41.0587,0.1943,41.15340499006043,-0.0947049900604284,0.1943,25505,106699,427830,1718948,3859490,10603877,5.113612465312557,5.133074538058298,5.134122377015822,5.136053127646256,5.135137650396491,5.13037484106799,0.38921165547998426,0.004775074660117379,0.004775074660117379,0.008452624179750725,0.0021485982136950476,3,5.133822322484271,0.010841318629813215,0.00030005453155101947,0.00030005453155101947,0.0,0.00015113159783881815,-1.0391663061333924,0.0947049900604284
330022,35.3241,-2.9491,0.26386,40.3035,0.205843,40.51556400569199,-0.2120640056919924,0.205843,26436,101769,430943,1746667,3869107,10711199,5.129182280996015,5.1125298931512315,5.137270965747088,5.143000499764347,5.136218470397147,5.134748247185964,0.3914805249173188,0.005302267391476869,0.005302267391476869,0.010592605924252202,0.0219798965268101,8,5.131085047237757,0.010241784821241965,0.006185918509330257,0.006185918509330257,0.0,0.017940095120372555,2.0834518264079565,0.2120640056919924
330128,36.8228,-3.8213,0.32095,40.9546,0.156373,41.00212210012933,-0.0475221001293277,0.156373,26274,106989,421545,1672763,3799264,10603331,5.126512834662071,5.134253306152935,5.127695099994105,5.124224809320766,5.1283072046626135,5.130352478410463,0.3845801670118179,-0.00023524804399448603,0.00023524804399448603,0.0034474164682666347,0.007234031323670687,7,5.131462307940632,0.007305765597286268,-0.0037672079465274066,0.0037672079465274066,0.0,0.0008937225204180279,-0.9130227084812341,0.0475221001293277
350047,163.262,58.1363,0.23364,40.4148,0.19637,40.217064944273176,0.1977350557268238,0.19637,11365,45607,185073,747775,1672704,4532542,4.762577761670503,4.763951146629904,4.770195538767345,4.774561658263303,4.772026972953915,4.761252051550109,0.12696639222015352,0.0014387430623438665,0.0014387430623438665,0.005539937948569337,0.007653866257399369,8,4.782820197093729,0.017928908205218006,-0.012624658326384264,0.012624658326384264,0.0,0.0,-1.057204899751376,0.1977350557268238
350192,148.716,1.9617,0.3015,40.8585,0.191702,40.84602764446119,0.0124723555388115,0.191702,15213,63242,254359,1025252,2259803,6360308,4.889213521880792,4.905922581610373,4.908298943617442,4.911621184731417,4.902678390903418,4.9083883339261165,0.22648354774597126,0.004631792771470219,0.004631792771470219,0.007989400426846855,0.004110673231362578,7,4.928341316226444,0.0076307572636178,-0.020042372609001546,0.020042372609001546,0.0,0.0,-1.0695504257266757,0.0124723555388115
350235,184.35,48.3462,0.26384,40.5588,0.167704,40.51537712415737,0.04342287584263,0.167704,12337,50330,200516,757486,1670157,4547963,4.798214875869752,4.806745677883889,4.80500132567461,4.780165319849657,4.7713651760095255,4.762727136948728,0.15204740244295342,-0.014197135540261354,0.014197135540261354,0.01854305464314663,0.019173675360519556,8,4.782084988013034,0.01483477823572682,0.022916337661575525,0.022916337661575525,0.0,0.0,-1.0609141735934404,0.04342287584263
360139,185.739,47.5675,0.38594,41.5217,0.152114,41.46689214696262,0.0548078530373814,0.152114,11977,47911,198688,759451,1665499,4583540,4.785354418709981,4.785354418709981,4.801023951277586,4.781290466126819,4.770152254893737,4.766111239122838,0.149181311003118,-0.007115199032496758,0.007115199032496758,0.012462048317181501,0.0029315221190678955,3,4.784470898182403,0.008923925650033051,0.0165530530951834,0.0165530530951834,0.0,0.0,-1.0680001625779356,0.0548078530373814
360145,163.669,59.019,0.1986,39.8881,0.211487,39.82255482124372,0.065545178756281,0.211487,10131,42970,183510,750184,1644342,4509364,4.7126652910803015,4.738085579123143,4.766512229115335,4.775958512131775,4.764600031721316,4.759025508313942,0.12431220349912493,0.016413588783909725,0.016413588783909725,0.023365137641907868,0.027319546317736844,7,4.779164758473795,0.01567720755544715,-0.012652529358459397,0.012652529358459397,0.0,0.0,-1.0599042609297067,0.065545178756281
360156,150.807,1.8953,0.04673,36.5081,0.209562,36.47406617947381,0.03403382052619,0.209562,15454,66027,255807,1019756,2272428,6313469,4.896039119361115,4.92463826124807,4.9107642495498585,4.909286831139813,4.905097940832091,4.905178239785768,0.2282600443802236,-0.00038365441846270783,0.00038365441846270783,0.009424129090644865,0.011073716043868198,3,4.89281118079592,0.02060987927229852,0.017953068753938872,0.017953068753938872,0.0,0.0,-1.0539909249188684,0.03403382052619
370098,150.006,2.4311,0.22141,40.0441,0.143254,40.08599898482419,-0.0418989848241864,0.143254,19333,70759,267398,1009149,2262572,6337579,4.993291824218661,4.9546979428715145,4.930009906090867,4.9047458605205945,4.903210218113165,4.906833573158932,0.24212844246401422,-0.03003687975864459,0.03003687975864459,0.036002026779703517,0.03603281074487476,4,4.916438520058999,0.016062501078388466,0.013571386031868471,0.013571386031868471,0.0,0.0,-1.0594423672147513,0.0418989848241864
370356,183.406,46.4835,0.025,35.2277,0.204374,35.082290217222464,0.1454097827775342,0.204374,11406,45463,184177,759853,1700584,4615286,4.764141551509057,4.762577761670503,4.768087879935324,4.781520289988239,4.779205961932041,4.769108831285207,0.12544761567724913,0.004524857231613187,0.004524857231613187,0.007845208137825925,0.013664145832948418,6,4.811097737653216,0.06641272583450326,-0.0430098577178919,0.0430098577178919,0.0,0.0,-0.999082016010557,0.1454097827775342
370394,132.379,45.0022,0.3308,40.996,0.212048,41.07786888604821,-0.0818688860482055,0.212048,10939,44472,174847,725976,1698709,4774751,4.745987431959203,4.753006545125728,4.745510796299248,4.7617129978194415,4.778726861273727,4.783860937940283,0.10917859504036094,0.012912762167487475,0.012912762167487475,0.016524215808402097,0.006280378062477577,4,4.770030156572329,0.015990004038366253,-0.024519360273080437,0.024519360273080437,0.0,0.0,-1.0595292773888012,0.0818688860482055
370428,184.375,47.5482,0.1778,39.6477,0.131546,39.55660589992343,0.0910941000765745,0.131546,12833,51151,195546,771363,1681659,4577291,4.815332144916963,4.813772737561441,4.794101284881462,4.788049502208496,4.774345812033613,4.765518736969735,0.14419284551854689,-0.01753016691952498,0.01753016691952498,0.020254686174659014,0.01855539203965692,8,4.777906153556536,0.018013744698721763,0.016195131324925782,0.016195131324925782,0.0,0.0,-1.0571031969175233,0.0910941000765745
380279,149.827,2.9349,0.34946,41.2033,0.168604,41.21582184247586,-0.0125218424758628,0.168604,16774,65616,258040,1010141,2274065,6337728,4.931632638802821,4.921926489255191,4.914538843575625,4.905172564692855,4.905410682888378,4.906843783541622,0.23098001251653957,-0.008976156092187578,0.008976156092187578,0.01073828055546619,0.012085401940755323,7,4.926763279945497,0.009575917442373473,-0.012224436369872471,0.012224436369872471,0.0,0.0,-1.0672185483198358,0.0125218424758628
390471,214.52,53.014,0.37053,41.0698,0.135854,41.36363350688828,-0.2938335068882765,0.135854,11230,44457,178056,720279,1637756,4598079,4.757388537206927,4.752860040143431,4.753409179180869,4.758291491876033,4.762857082209186,4.767486641734185,0.11487016070802766,0.0037989956127624184,0.0037989956127624184,0.005629737017433439,0.003917964239726465,7,4.754029323760517,0.008459676665179596,-0.0006201445796483185,0.0006201445796483185,0.0,0.0,-1.0685567088874641,0.2938335068882765
420196,351.761,-1.0284,0.29842,41.2705,0.232731,40.82046089589105,0.4500391041089457,0.232731,24941,104008,411580,1595122,3437019,8375927,5.10390138485165,5.121981039482826,5.117305445326256,5.1035843131276435,5.084789677168261,5.027943054098181,0.3770933937453504,-0.022214048513469146,0.022214048513469146,0.03452813736100477,0.013270432940606402,8,5.123957524625215,0.036540775099555264,-0.006652079298959279,0.006652079298959279,0.0,0.0011934776951811246,-0.8253453058361628,0.4500391041089457
420258,352.428,0.7054,0.27444,40.7399,0.293068,40.6126370234268,0.1272629765731991,0.293068,27393,111651,439567,1644667,3456139,8452395,5.144625561386704,5.152776625541369,5.1458761961135835,5.116868378494898,5.087198944264831,5.031889954456848,0.3976814440738565,-0.035670508047551786,0.035670508047551786,0.046738515561743924,0.02590232497047998,7,5.127645775214808,0.04187212624965492,0.018230420898775357,0.018230420898775357,0.0,0.003777363475859949,-0.3652825325906563,0.1272629765731991
420352,35.1822,-3.9625,0.38886,41.383,0.199578,41.4860269789141,-0.1030269789140945,0.199578,26221,108984,440235,1730990,3866288,10638082,5.125635923015267,5.1422768471661096,5.146535681111739,5.139084945817192,5.135901931711755,5.131773493065596,0.3981566682089862,0.0006413895328136944,0.0006413895328136944,0.0074924145189864426,0.002302470123544997,4,5.133457114383072,0.00698026994666001,0.013078566728666807,0.013078566728666807,0.0,0.001616564157541936,-0.7864983867954075,0.1030269789140945
420407,333.949,-0.3155,0.24512,40.4957,0.181643,40.33444467372159,0.1612553262784146,0.181643,25077,100486,424057,1711520,3577556,8791536,5.106263008005702,5.10701999936099,5.130275388043103,5.134172368185757,5.102194179819882,5.048974926843638,0.3864395196277238,-0.011886353270223197,0.011886353270223197,0.030469747710650336,0.019586293925939895,8,5.165406435069699,0.030288165281473742,-0.03513104702659664,0.03513104702659664,0.0,0.0022118873117433374,-0.6540314619073664,0.1612553262784146
430003,333.38,-0.4529,0.32843,40.934,0.295651,41.05983572799887,-0.1258357279988686,0.295651,27447,107511,422556,1670329,3530201,8815835,5.145480815009908,5.136367059563854,5.128735427847836,5.123592417317591,5.09640717452218,5.050173621085559,0.3853298260729396,-0.02720926962547218,0.02720926962547218,0.035162579994216396,0.00921495650890755,4,5.150334043849736,0.02298601064193061,-0.02159861600190016,0.02159861600190016,0.0,0.0046901459235656005,-0.22765958654633295,0.1258357279988686
440509,34.8496,-5.4304,0.31892,40.8941,0.203876,40.986244920607,-0.0921449206069979,0.203876,27257,107410,423061,1690650,3833910,10533065,5.142464097160061,5.135958878532497,5.1292541454722835,5.12884410169674,5.132249644859936,5.127464924108693,0.38570361339963255,-0.0042880896894498,0.0042880896894498,0.005662302952380468,0.005132226628989234,8,5.129163546225332,0.00841053100210558,9.059924695176136e-05,9.059924695176136e-05,0.0,0.0022583974563346776,-0.672092465759116,0.0921449206069979
450339,36.2874,-3.3534,0.40927,41.7061,0.274957,41.61617084497699,0.0899291550230074,0.274957,27540,107902,434789,1682680,3814207,10660432,5.1469498151854305,5.137943638064966,5.141129674231711,5.1267919268966935,5.130011990579969,5.132684963633159,0.3942611058364485,-0.00543386461351927,0.00543386461351927,0.007504457118017042,0.008044259199946495,6,5.128032368429621,0.020547042424605668,0.013097305802089565,0.013097305802089565,0.0,0.020016058695635257,2.460297796685044,0.0899291550230074
460003,128.835,43.8555,0.15067,39.1687,0.134119,39.16239469709275,0.0063053029072506,0.134119,12148,48361,193587,750463,1692022,4816024,4.791510642023275,4.789414371347861,4.789728560364481,4.77611999981057,4.777013880059613,4.787598851313386,0.14104186523460485,-0.0036214988064329793,0.0036214988064329793,0.006830822108649127,0.009589861944292448,4,4.774342504578673,0.01098260637170938,0.015386055785808317,0.015386055785808317,0.0,0.0,-1.06553219561295,0.0063053029072506
460105,129.37,44.0453,0.21071,39.9632,0.223017,39.96571433587724,-0.0025143358772368,0.223017,11827,48105,192274,753820,1679673,4812186,4.779881425815871,4.787109365576955,4.786772947332877,4.778058367867138,4.773832617604602,4.787252614169911,0.13891205386565597,-0.0006348025100192592,0.0006348025100192592,0.005710872851167208,0.006528914755525327,3,4.786605880057209,0.0061830675693314244,0.00016706727566795365,0.00016706727566795365,0.0,0.0,-1.0712859305591782,0.0025143358772368
470041,131.337,44.7548,0.33179,41.0149,0.143999,41.08536641211073,-0.0704664121107327,0.143999,12126,43959,178560,728738,1689776,4776820,4.790723487531802,4.747967802385282,4.7546367367613005,4.763362148307093,4.776437012385729,4.784049086069835,0.11575473729599317,0.0019168986973636397,0.0019168986973636397,0.016926042905682823,0.011104673259562898,3,4.765574505150689,0.022953623410193007,-0.010937768389388758,0.010937768389388758,0.0,0.0,-1.051181221089713,0.0704664121107327
470043,128.994,44.7675,0.07061,37.7291,0.501827,37.40599692401527,0.3231030759847328,0.501827,11817,47832,188771,740689,1658801,4788953,4.779514095605439,4.7846377385312495,4.778787704411478,4.770426617291932,4.768402168183094,4.785150784107818,0.13315789695270458,-0.001682138671644683,0.001682138671644683,0.0070340035531863375,0.01025115706871771,3,4.827778388343747,0.07325930148692861,-0.04899068393226891,0.04899068393226891,0.0,0.0,-0.9908742728886896,0.3231030759847328
490007,184.268,46.6275,0.05513,36.8676,0.194374,36.8456865921438,0.0219134078562035,0.194374,11242,45628,188391,763767,1686390,4607392,4.757852320625821,4.764151069562071,4.7779125839919026,4.783751594526134,4.775565893644744,4.768365376784484,0.13252728617961587,0.0050457602712427555,0.0050457602712427555,0.009565760586313511,0.014138790082236972,4,4.766168636380845,0.025425900890977144,0.011743947611057237,0.011743947611057237,0.0,0.0,-1.048217430208199,0.0219134078562035
500301,215.548,52.6318,0.3255,41.2625,0.255286,41.0373746970852,0.2251253029148046,0.255286,10710,43421,176646,708026,1638861,4601197,4.736800129272449,4.742619941643525,4.749956393506342,4.750839955429578,4.763150003309073,4.767781040978654,0.11238208730142235,0.010112270903008142,0.010112270903008142,0.011813435467648499,0.005929486562588687,6,4.7540040830491375,0.008956125356093454,-0.004047689542795219,0.004047689542795219,0.0,0.0,-1.0679615612494233,0.2251253029148046
510550,243.275,55.6117,0.24106,40.3291,0.130654,40.2935242729349,0.035575727065094,0.130654,12386,50540,200173,803022,1824956,5031065,4.799936247556156,4.80855394921704,4.804257794905623,4.80551812039735,4.809860253846581,4.806570133285714,0.15151161502152224,0.0018387751173866177,0.0018387751173866177,0.003507211509172669,0.0021898875915771993,5,4.789387393602186,0.03474269109703275,0.014870401303436864,0.014870401303436864,0.0,0.0,-1.037048369262448,0.035575727065094
520041,184.138,45.962,0.5454,42.5633,0.191404,42.35526217699788,0.2080378230021153,0.191404,11209,45804,185986,748226,1690487,4647778,4.756575722556764,4.765823006111234,4.772332716547576,4.774823511771982,4.776619710121668,4.772155587981175,0.12850644008336512,0.0056283458117331936,0.0056283458117331936,0.007407682256790516,0.006492492441126653,0,,,,,0.0,0.0,,0.2080378230021153
520062,244.451,54.6334,0.30805,41.2018,0.139651,40.8996065957022,0.3021934042978031,0.139651,12877,53532,213324,828998,1839414,5089283,4.816818530717897,4.8335317006486465,4.8318918816105425,4.81934414265032,4.81328734159994,4.8115668053474465,0.17142470628391682,-0.004349763092100981,0.004349763092100981,0.009426994115793407,0.01023415978325501,8,4.8093937277732355,0.014673107210200279,0.022498153837307022,0.022498153837307022,0.0,0.0,-1.0611079864299786,0.3021934042978031
520071,215.504,53.6193,0.41152,41.8131,0.149106,41.630147425508014,0.1829525744919848,0.149106,10194,42958,172714,714805,1658706,4616193,4.71535734007595,4.737964281932017,4.740180184238336,4.754978325245135,4.768377295318669,4.769194170809029,0.1053373620882162,0.017839424995434144,0.017839424995434144,0.0206876763056854,0.012273037956652732,8,4.766874203344831,0.020851943598314264,-0.02669401910649505,0.02669401910649505,0.0,0.0,-1.0537007357925416,0.1829525744919848
520077,244.663,55.6842,0.25004,40.5965,0.224495,40.38320196761319,0.2132980323868096,0.224495,13271,52513,204944,812587,1834139,5077103,4.829906482978095,4.8251852184627895,4.814487454696627,4.810660540514859,4.812040100185782,4.810526178269183,0.15888309616279128,-0.006887960698109934,0.006887960698109934,0.008324415205925698,0.010477340422994266,7,4.803840803653275,0.02979451918790021,0.010646651043352051,0.010646651043352051,0.0,0.0,-1.0429802870582607,0.2132980323868096
550041,352.54,-0.8664,0.25847,40.4663,0.209281,40.46471997493953,0.0015800250604698,0.209281,28688,114931,446129,1643517,3439836,8407327,5.164685520457674,5.165351082818569,5.152311555650342,5.116564600865194,5.085145481461981,5.0295681097659095,0.4023187567931141,-0.04354436291061861,0.04354436291061861,0.05384301015747678,0.03519200778827634,5,5.129445360262951,0.051193435751482705,0.02286619538739121,0.02286619538739121,0.0,0.0002738439384169817,-0.969246293705579,0.0015800250604698
550137,334.754,0.0297,0.41931,41.4604,0.22264,41.67799547329698,-0.2175954732969813,0.22264,26612,110283,450871,1745639,3653095,8771887,5.132063943927234,5.147422628211412,5.156903392944944,5.142744820860716,5.111268703087612,5.04800319657633,0.4056276294939152,-0.02339852631833489,0.02339852631833489,0.03995005416205216,0.0033743247335419344,1,5.177691067830557,0.0,-0.020787674885613505,0.020787674885613505,0.0,0.0,-1.0786982535788243,0.2175954732969813
550154,36.3556,-3.5962,0.21003,40.1479,0.148877,39.95788024910866,0.1900197508913379,0.148877,27254,108457,434265,1678323,3816116,10639081,5.142416296325506,5.140171710278791,5.14060595576916,5.125665940998066,5.130229299327172,5.131814274832127,0.3938837149115397,-0.0048371032480633335,0.0048371032480633335,0.006827471280247031,0.010463700702790792,5,5.1253357770087336,0.007853696050205387,0.015270178760426134,0.015270178760426134,0.0,0.047505698920668506,7.271635647010565,0.1900197508913379
560054,353.296,-0.3364,0.4798,41.8956,0.237796,42.02367916061191,-0.1280791606119038,0.237796,31262,116552,465032,1731289,3486730,8471200,5.202000760578143,5.171433575097699,5.1703339000009425,5.139159956511247,5.091026060877153,5.032855105197961,0.41530563751213284,-0.05122358611554598,0.05122358611554598,0.06236647688764413,0.02328049474310765,1,5.161444328186219,0.0,0.008889571814723496,0.008889571814723496,0.0,0.0,-1.0786982535788243,0.1280791606119038
560150,333.961,1.2276,0.19957,39.8965,0.17155,39.83431581805524,0.0621841819447652,0.17155,30057,118861,448698,1640226,3452903,8719779,5.184930190076278,5.179953152158713,5.154805228942872,5.115694092577571,5.08679212183145,5.045415646457301,0.40411569491460864,-0.04720125407411726,0.04720125407411726,0.05536852704034045,0.046353113294951384,7,5.164043847975039,0.02823712328085477,-0.009238619032166717,0.009238619032166717,0.0,0.0023389216826999,-0.6341859291028863,0.0621841819447652
560152,334.8,1.1602,0.24851,40.3657,0.261564,40.3681352973562,-0.0024352973562002,0.261564,28412,113622,441944,1646818,3469395,8672964,5.160487201293333,5.160376370449258,5.148218352123827,5.1174360049589,5.088861491303138,5.043077712419798,0.3993691990150915,-0.03812338474690458,0.03812338474690458,0.04681572927300798,0.030974926173449983,8,5.153855428433669,0.02977894342917814,-0.005637076309842115,0.005637076309842115,0.0,0.0035839905171116937,-0.41373184825278286,0.0024352973562002
570022,351.124,-0.4843,0.30141,41.1086,0.206046,40.84528399011847,0.2633160098815352,0.206046,26721,109083,423733,1672929,3531807,8444490,5.133839069620777,5.142671173335002,5.129943440067686,5.1242679052429,5.096604703823316,5.031483595802746,0.38620031829643253,-0.02921142310167755,0.02921142310167755,0.04142715137639385,0.013275151806313163,8,5.122377775282536,0.03651819864428383,0.0075656647851500836,0.0075656647851500836,0.0,0.0011934776951811246,-0.8253723707157284,0.2633160098815352
570056,37.0067,-3.495,0.28998,40.7298,0.234493,40.74913259073442,-0.0193325907344217,0.234493,28462,108087,417245,1660811,3772651,10618399,5.16125078275789,5.138687599607804,5.123242309238925,5.121110610100841,5.125254364374183,5.1309692000195195,0.3813714910882367,-0.009967349259608174,0.009967349259608174,0.01503389879430963,0.012679117797726805,3,5.1284757054656,0.008339043332805924,-0.005233396226674181,0.005233396226674181,0.0,0.0,-1.0687013253284885,0.0193325907344217
570062,353.102,0.2956,0.12363,38.8242,0.150324,38.6969506030784,0.1272493969215986,0.150324,28324,115185,459366,1714326,3498201,8483139,5.159140028497226,5.166309815670427,5.165009920444649,5.1348838011441,5.092452501611952,5.033466752996774,0.41146918393522763,-0.03951664636610275,0.03951664636610275,0.0529300195502586,0.022669077656018555,7,5.140100128708157,0.023278704860423167,0.02490979173649155,0.02490979173649155,0.0,0.009605871455129358,0.6357807483065122,0.1272493969215986
580235,150.235,2.5796,0.33154,41.0301,0.218692,41.08347504960542,-0.053375049605421,0.218692,18540,72532,265171,1004411,2265373,6315835,4.975103263867894,4.96544575909711,4.92637779150511,4.90270202869128,4.9037475296139315,4.9053409630195235,0.2395111448491527,-0.02727638696306738,0.02727638696306738,0.03269859930656995,0.04526003435168269,7,4.925072001669856,0.010641541687828332,0.0013057898352535346,0.0013057898352535346,0.0,0.0,-1.0659410673548764,0.053375049605421
590005,151.018,1.2155,0.17137,39.5424,0.275502,39.46851993198311,0.0738800680168907,0.275502,15154,61954,249280,1020318,2273253,6307167,4.887526050665432,4.8969864799477545,4.8995393054902925,4.909526109975507,4.905255581807718,4.904744517805559,0.2201713625337699,0.006042778897660127,0.006042778897660127,0.007792786151122327,0.009045431027810746,3,4.921079396618719,0.009194012311147437,-0.021540091128426475,0.021540091128426475,0.0,0.0,-1.0676763799970357,0.0738800680168907
590194,130.237,44.5243,0.09015,37.9202,0.21704,37.96468681214469,-0.0444868121446901,0.21704,11311,46278,185856,745091,1667286,4774521,4.760509506414615,4.770294084748156,4.772029050037171,4.773000036411448,4.7706179818145005,4.7838400174533735,0.12828761834340274,0.005590868209101648,0.005590868209101648,0.00745052387040252,0.0019519315227582374,3,4.8195790523149755,0.0791038856547313,-0.047550002277804815,0.047550002277804815,0.0,0.0,-0.9838677271439619,0.0444868121446901
744,329.198,0.3175,0.12694,38.6849,0.280884,38.75879710381835,-0.0738971038183535,0.280884,27968,110461,458415,1701786,3598141,9108761,5.153647048902297,5.148123020830382,5.164109894621317,5.131695337723261,5.104685916564657,5.064369473312181,0.41082062635668737,-0.02733885257595898,0.02733885257595898,0.03734264320434134,0.011850068475969635,7,5.132587129941191,0.06052927939152098,0.03152276468012616,0.03152276468012616,0.0,0.00027178559505777836,-0.9584157895294086,0.0738971038183535
762,15.5353,-0.879,0.19009,39.8807,0.15799,39.71702574182423,0.1636742581757673,0.15799,28782,115652,454367,1782384,3936014,10747664,5.166106167649408,5.168067021339666,5.1602578648134285,5.151791654599097,5.143664362708369,5.13622423983757,0.4080448580843711,-0.010720800615795681,0.010720800615795681,0.012732149500765514,0.011740195442633921,6,5.162001706244429,0.01599302242537477,-0.0017438414310007033,0.0017438414310007033,0.0,8.816009873931057e-06,-1.0579777683628102,0.1636742581757673
ASASSN-15fs,284.67,43.4689,0.0285,35.2391,0.185823,35.37228401351213,-0.1331840135121282,0.185823,24919,96619,331300,1077904,2214728,5295288,5.103518147948923,5.089977151784329,5.023072874065661,4.933370622437305,4.893928210274406,4.828799786133085,0.3091895107099009,-0.09643075785750421,0.09643075785750421,0.11103348425086192,0.11296773162989174,4,3.654831024665421,2.7693993755069193,1.3682418494002397,1.3682418494002397,0.0,0.0,2.2412853163053033,0.1331840135121282
ASASSN-15hg,148.452,9.1939,0.03107,35.6461,0.196214,35.56376384482163,0.0823361551783676,0.196214,14616,58616,232357,995944,2245997,6203295,4.871828356924346,4.872933706247236,4.869007756976549,4.899025491614417,4.900016983064754,4.897532623335726,0.1981703636070289,0.011416500585043997,0.011416500585043997,0.01519283040213398,0.0188212446785851,4,4.900197950159492,0.009929308571578517,-0.031190193182943027,0.031190193182943027,0.0,0.0,-1.0667948995124155,0.0823361551783676
ASASSN-15kx,334.049,37.4738,0.01697,34.6084,0.219814,34.228340826452495,0.380059173547508,0.219814,0,0,0,0,0,135443,0.706970109961791,0.10491011863382857,-0.4971498726941338,-1.0992098640220962,-1.4513923821334587,3.2366698897261115,-3.668676684716224,0.24723517883330173,0.24723517883330173,1.6959877499442355,0.8685889638065035,3,4.9054796578183755,0.03597685593873997,-5.40262953051251,5.40262953051251,0.0,0.0,-1.0355688401511052,0.380059173547508
ASASSN-15nr,261.674,13.9098,0.02309,34.8331,0.263771,34.9067128201049,-0.0736128201048984,0.263771,26811,110257,442626,1755480,3746650,9902123,5.13529932068348,5.147320229062209,5.148888029426174,5.1451862693293675,5.122250858376066,5.1006384791446004,0.3998517677129604,-0.010785846182972549,0.010785846182972549,0.018834462066171745,0.0015393265620134852,7,3.404077654548772,2.6775600130187573,1.7448103748774018,1.7448103748774018,3.0,0.0,6.02545705761962,0.0736128201048984
ASASSN-15od,35.8049,-4.5172,0.01678,34.3409,0.228387,34.20359001183362,0.137309988166379,0.228387,28445,111312,431192,1704717,3838187,10564706,5.160991315664392,5.1514560062261285,5.137521829192226,5.132442682841249,5.132733861158897,5.128767575531132,0.39166129682886375,-0.010831762995382594,0.010831762995382594,0.012740028548813653,0.01371521367909222,8,4.326386220408551,1.9511598393152028,0.8111356087836752,0.8111356087836752,0.0,0.0,1.2603716061298385,0.137309988166379
ASASSN-15sf,2.865,-6.4273,0.02349,35.2317,0.235205,34.94463660346017,0.2870633965398284,0.235205,27306,106226,386132,1439437,3154913,8244375,5.1432441002878395,5.13114503519733,5.0895870465302036,5.058983099504086,5.047595143147331,5.021067908994941,0.35711954728655015,-0.042371442965444164,0.042371442965444164,0.04826967040581124,0.05205383338279516,6,4.979102922918403,0.09712295103348238,0.11048412361180038,0.11048412361180038,0.0,0.002173597038270178,-0.5806321546836499,0.2870633965398284
ASASSN-15tg,5.171,25.229,0.03445,35.861,0.1686,35.7932381069475,0.0677618930524985,0.1686,13202,55500,238318,964014,2182321,5940319,4.8276427332443985,4.849210926811809,4.880008795192473,4.8848739275223805,4.887526448676982,4.8787199593205655,0.20609769915873308,0.018685191044679344,0.018685191044679344,0.02411173373969227,0.025725417134180615,6,4.669607713651645,0.47673677690715843,0.21040108154082748,0.21040108154082748,0.0,0.0,-0.5071814544889249,0.0677618930524985
ASASSN-15uu,25.9859,17.0626,0.02579,35.0223,0.372346,35.151083963517266,-0.1287839635172645,0.372346,13142,57026,240449,944918,2138009,5874221,4.825664617859629,4.860990644037709,4.8838749087156925,4.8761847176504025,4.878617350046439,4.873860474091485,0.20888361614020312,0.014440561264292877,0.014440561264292877,0.021422246417391058,0.010960207325967652,4,4.940240437996719,0.22845480961604486,-0.05636552928102656,0.05636552928102656,0.0,0.0,-0.8048243511383562,0.1287839635172645
ASASSN-15uv,126.784,27.8116,0.02104,34.6114,0.393324,34.701595495685496,-0.0901954956854922,0.393324,14784,60381,245250,982148,2279763,6356734,4.876791438823927,4.885817612458018,4.892460914177818,4.89296751477203,4.906497509251827,4.908144225543825,0.21507068185264727,0.010267555076267745,0.010267555076267745,0.012020623634365275,0.005157564305632836,7,4.860045918472112,0.09953151790964787,0.03241499570570561,0.03241499570570561,0.0,0.0,-0.959378878024631,0.0901954956854922
ASASSN-16aj,65.4509,-15.7554,0.03053,35.4654,0.177866,35.52485286570077,-0.05945286570077,0.177866,19744,72556,278484,1211705,2782531,7802840,5.002427248034354,4.9655894363686075,4.947651935100469,4.984187394367216,4.99304778542621,4.997162875936885,0.2548412683834415,0.0033714991200354365,0.0033714991200354365,0.021083153129814913,0.013415590887626639,4,3.4011420692384635,2.660406570555954,1.5465098658620051,1.5465098658620051,2.0,0.0007669928590320021,4.841469923248012,0.05945286570077
ASASSN-16av,177.868,22.0261,0.02676,35.3467,0.289875,35.23277472695856,0.1139252730414384,0.289875,15990,63201,254317,1010409,2285602,6271106,4.9108457332391255,4.9056409401950205,4.908227226860353,4.905287771746999,4.907608415280864,4.90225432956914,0.22643186873286641,-0.0018900484839222674,0.0018900484839222674,0.002939590340414159,0.0002547571842794317,8,4.881206515161625,0.048560104671631264,0.027020711698727773,0.027020711698727773,0.0,0.0,-1.0204839161714003,0.1139252730414384
ASASSN-16br,236.376,-13.1528,0.029,35.5064,0.190895,35.41082871127588,0.0955712887241162,0.190895,0,0,0,0,0,0,0.706970109961791,0.10491011863382857,-0.4971498726941338,-1.0992098640220962,-1.4513923821334587,-1.8950898813661714,-3.668676684716224,-0.8685889638065037,0.8685889638065037,0.9818347962932731,0.8685889638065035,3,4.649928615225774,0.5110999785126282,-5.1470784879199085,5.1470784879199085,0.0,0.0,-0.4659865059568473,0.0955712887241162
ASASSN-16ct,228.476,4.7573,0.04252,36.2457,0.207056,36.2626488099897,-0.0169488099896994,0.207056,15246,63959,266090,1071238,2500113,7021598,4.890154510260007,4.910818573708026,4.927880312956701,4.930676511386332,4.94656742991544,4.951346142131145,0.24059386008807915,0.019804637629909076,0.019804637629909076,0.02282927504844822,0.014324474105386852,5,4.6450365774150155,0.42043904575806856,0.28284373554168507,0.28284373554168507,0.0,0.0,-0.5746717356270581,0.0169488099896994
ASASSN-16es,177.727,2.3069,0.02973,35.5345,0.258248,35.46594956620705,0.0685504337929501,0.258248,16842,64139,256030,1020124,2330738,6414939,4.9333895586103935,4.91203907422625,4.91114267978121,4.909443526841892,4.91610126109705,4.912102717335302,0.22853274077195956,-0.004957899361999839,0.004957899361999839,0.008936854920217358,0.0018722916699026187,5,4.786161748785281,0.29542826649957304,0.12498093099592911,0.12498093099592911,0.0,0.0,-0.724535903600537,0.0685504337929501
ASASSN-16fo,203.149,-5.2725,0.02994,35.4803,0.173804,35.48156064914126,-0.0012606491412583,0.173804,18304,70646,263110,1076510,2437477,6763348,4.969539843179341,4.954003843047584,4.9229891325159985,4.932808607866061,4.935548322433333,4.9350719169513075,0.23706928105868785,-0.011059839350486895,0.011059839350486895,0.016954999219549946,0.015289130343429099,5,4.923895172184095,0.013481897604413647,-0.0009060396680968807,0.0009060396680968807,0.0,0.0,-1.062536020376428,0.0012606491412583
ASASSN-16hc,209.768,33.139,0.05165,36.5862,0.156832,36.698872902283625,-0.1126729022836272,0.156832,11684,46790,184733,798658,1853386,5281466,4.7745988266900365,4.775072445506733,4.769396961313897,4.8031515260184925,4.8165737303403136,4.8276646891816055,0.12639093822088104,0.019533944424372396,0.019533944424372396,0.024761240993749194,0.020254775103518967,3,4.8335161790518235,0.06646793875633235,-0.06411921773792617,0.06411921773792617,0.0,0.0,-0.9990158262096425,0.1126729022836272
ASASSN-16hh,31.1559,21.5861,0.02935,35.5015,0.190369,35.43742420629722,0.0640757937027771,0.190369,12040,53317,237556,936979,2117501,5841952,4.787632666355973,4.831783968954526,4.8786179594367285,4.8725204568738585,4.874431447064588,4.8714681772756805,0.2050954645044498,0.026994714096094868,0.026994714096094868,0.03622242083044382,0.029385164552226995,4,4.506463935483762,0.547437236381966,0.3721540239529668,0.3721540239529668,0.0,0.0,-0.4224250391031322,0.0640757937027771
AT2016fbk,26.0272,34.3827,0.03495,36.1545,0.230318,35.82529993843694,0.329200061563057,0.230318,0,0,15711,240812,735755,2459965,0.706970109961791,0.10491011863382857,3.699081597748741,4.282470064061491,4.4153414302709,4.495839223251668,-0.6448770881771707,1.5811962449161585,1.5811962449161585,1.999958004451474,3.013472508142429,5,3.7408752234811358,2.371092176758884,-0.04179362573239498,0.04179362573239498,0.0,0.0,1.7637906771047014,0.329200061563057
AT2016hns,324.921,24.4065,0.03704,35.9789,0.163683,35.95463987623535,0.0242601237646553,0.163683,20559,77830,282347,985476,2154973,5351663,5.019993220285029,4.996062729086351,4.953634843083244,4.894436628733755,4.8820496525838735,4.833398957413279,0.2591525450305655,-0.06311963910166431,0.06311963910166431,0.07199637538502347,0.07330773550178721,2,5.0695852263481544,0.05203856876587695,-0.11595038326491025,0.11595038326491025,0.0,0.0,-1.016313898750488,0.0242601237646553
AT2017cfc,208.163,-2.0022,0.02499,35.0276,0.190198,35.08140578580704,-0.053805785807043,0.190198,17401,70870,271509,1100205,2470131,6887660,4.9475692742816735,4.955378679396162,4.936635957049665,4.942264145033558,4.941327779765825,4.942981882304105,0.24690316720381641,-0.0029877402070912534,0.0029877402070912534,0.006432072009137104,0.009460136844248197,6,4.0189966197374725,2.212470993353466,0.9176393373121927,0.9176393373121927,0.0,0.0,1.5736340216944749,0.053805785807043
AT2017lm,45.3849,-15.016,0.03002,35.5542,0.216273,35.48747951914553,0.066720480854471,0.216273,21216,84986,357363,1525985,3534814,10002642,5.03365408634367,5.034262617759315,5.0559609278850655,5.084340685225444,5.096974307122064,5.105024887499358,0.3328886046637373,0.02711897820398887,0.02711897820398887,0.03143037767549703,0.03612368979534345,4,4.788309411463903,0.6016426373937885,0.2676515164211626,0.2676515164211626,2.0,0.000857671817735293,2.3893243634835537,0.066720480854471
AT2017ns,42.2932,14.6008,0.02802,35.1963,0.366604,35.334651967573194,-0.1383519675731932,0.366604,12364,45783,138074,544624,1267197,3255312,4.799164230659107,4.765623851534161,4.642965179201581,4.636887708921714,4.651452096671895,4.617502871180914,0.035284340685977404,-0.06163599165172117,0.06163599165172117,0.07654353636790548,0.09286349726507592,5,4.676091389171427,0.5590613773118189,-0.033126209969846165,0.033126209969846165,0.0,1.6792399759868682e-05,-0.40554154015655275,0.1383519675731932
AT2017po,240.965,39.9901,0.03201,35.576,0.196814,35.62994434254625,-0.0539443425462522,0.196814,12506,50627,204256,818124,1826025,5025251,4.804123259807751,4.8093008900633345,4.813027076276686,4.813609799872735,4.810114574841459,4.806067963724426,0.15783074914425457,0.0009013640630430222,0.0009013640630430222,0.003750757560656274,0.003108221406829768,4,4.867206984091753,0.07047883360701308,-0.054179907815067097,0.054179907815067097,0.0,0.0,-0.9942075254919623,0.0539443425462522
ATLAS16agv,250.29,50.9724,0.04777,36.4976,0.165873,36.52343944996273,-0.0258394499627314,0.165873,13287,53289,212012,843330,1927301,5366191,4.830429729405129,4.83155583887474,4.829212618683526,4.826788200827111,4.833557389946557,4.834576326114135,0.1694940324841514,0.0009430408928736995,0.0009430408928736995,0.002859933471492804,0.003439123884034051,3,3.027218168866003,3.0522002187471164,1.8019944498175229,1.8019944498175229,0.0,0.0,2.5803097854413135,0.0258394499627314
ATLAS16bwu,18.5927,-13.1531,0.07074,37.3712,0.228257,37.41018140171683,-0.0389814017168248,0.228257,27165,109113,423796,1547359,3387032,9054386,5.140995806318037,5.142790595461138,5.13000800538131,5.090381501923416,5.0784270458805505,5.061769171679367,0.38624684398755815,-0.02945236058061955,0.02945236058061955,0.034938597760942026,0.037805169672178306,3,3.2476423393345826,3.2431646825493803,1.8823656660467272,1.8823656660467272,1.0,5.5414919207566646e-05,4.117059380238687,0.0389814017168248
ATLAS16cpu,227.956,46.251,0.01851,34.5716,0.239989,34.41940331720228,0.1521966827977152,0.239989,11194,44986,178595,730668,1674254,4736176,4.7559942078768405,4.757997151432942,4.754721855109339,4.764510817957671,4.772429222454998,4.780338043068052,0.11581607348020259,0.007940502648975237,0.007940502648975237,0.010235178265550232,0.0046986171966152965,4,4.849932859090654,0.07673739804892349,-0.09521100398131477,0.09521100398131477,0.0,0.0,-0.9867046960691023,0.1521966827977152
ATLAS16dqf,317.283,-18.1039,0.02019,34.5749,0.375822,34.6107077262156,-0.0358077262156015,0.375822,0,0,0,0,0,138747,0.706970109961791,0.10491011863382857,-0.4971498726941338,-1.0992098640220962,-1.4513923821334587,3.247136850282784,-3.668676684716224,0.24951106231385442,0.24951106231385442,1.6997781007298303,0.8685889638065035,6,3.500889582312321,2.402985766494142,-3.9980394550064546,3.9980394550064546,0.0,0.0,1.8020250303157832,0.0358077262156015
ATLAS17bas,166.898,22.8514,0.02331,34.5715,0.261746,34.9276501703622,-0.3561501703621985,0.261746,16728,66184,251240,1019519,2204309,6044031,4.930440091123711,4.925669691829144,4.902940640638513,4.9091858857629225,4.891880288727825,4.886236873669882,0.22262236074998548,-0.014855294162903859,0.014855294162903859,0.01775278038946286,0.011890552633356798,7,4.858712618003023,0.061476007149206126,0.044228022635490305,0.044228022635490305,0.0,0.0,-1.0050002035674983,0.3561501703621985
Gaia16aki,239.794,14.6416,0.07398,37.5535,0.176502,37.51215778881543,0.0413422111845704,0.176502,17079,66069,259786,1086397,2437807,6729459,4.9394579763147775,4.924914425442147,4.917467542058565,4.936779093402398,4.93560711577561,4.932890334651361,0.23309042929251542,0.0006819094653928468,0.0006819094653928468,0.008362870834245334,0.008558548814024616,2,4.896615692135342,0.04589060735587199,0.020851849923223753,0.020851849923223753,0.0,0.0,-1.0236841361564823,0.0413422111845704
Lancaster,189.236,62.2148,1.23589,44.905,0.273735,44.51486417175848,0.3901358282415259,0.273735,10908,43110,177786,705045,1562360,4399498,4.744755051715429,4.739498215471594,4.752750128964388,4.749007588989794,4.742389007326965,4.748313341955542,0.1143952498760753,0.0012390803616899582,0.0012390803616899582,0.004831954930952662,0.0068595630083339255,2,4.750451936839997,0.002790499098407822,0.0022981921243916403,0.0022981921243916403,0.0,0.0,-1.0753529754508566,0.3901358282415259
PS15ahs,269.874,43.3901,0.02522,35.1974,0.185937,35.10166023631452,0.0957397636854793,0.185937,16868,66176,257944,1039246,2354526,6618227,4.934059448190856,4.925617194044894,4.914377241242446,4.917508915477709,4.920511292846506,4.925651843294507,0.23086356206014577,-0.0030299432038291144,0.0030299432038291144,0.007026784390261024,0.005848886639511628,7,4.983810253374651,0.1332096132124477,-0.06943301213220554,0.06943301213220554,0.0,0.0,-0.9190052417556399,0.0957397636854793
PS15asb,215.085,-9.3009,0.04952,36.4714,0.18553,36.60421277587589,-0.132812775875891,0.18553,0,3986,67852,397688,1034333,3358505,0.706970109961791,3.705556354296223,4.334419181286043,4.500333714629539,4.563268418650053,4.631056247140079,-0.187053552393185,1.1103472396093967,1.1103472396093967,1.523394229684165,0.5733106781818478,4,4.716333461829693,0.4378842255950967,-0.3819142805436506,0.3819142805436506,0.0,0.0,-0.5537582801880043,0.132812775875891
PS15bdr,253.706,36.7252,0.07094,37.3552,0.196012,37.41660467793752,-0.0614046779375101,0.196012,14247,55574,229781,930586,2117358,5831947,4.860724016416978,4.849789590004857,4.864166132481236,4.869547117263805,4.874402117123919,4.870723761616288,0.19468149453518613,0.006152430909434591,0.006152430909434591,0.008855547937583183,0.014252043298356295,1,4.917467542058565,0.0,-0.05330140957732965,0.05330140957732965,0.0,0.0,-1.0786982535788243,0.0614046779375101
PS15bsq,355.467,-8.6379,0.03309,35.7797,0.159699,35.70367286331549,0.0760271366845088,0.159699,16454,67938,263898,1019354,2264823,6262801,4.923267996592183,4.93702926879695,4.924287871844579,4.909115593479511,4.903642076401414,4.901678800227089,0.23800515113292794,-0.010442542866390642,0.010442542866390642,0.013909932759718292,0.02013546047672707,6,5.0202654418244945,0.1533761536676447,-0.09597756997991524,0.09597756997991524,4.0,0.005928198513931985,5.338386834204993,0.0760271366845088
PS15bwh,352.644,-18.8915,0.07149,37.2494,0.16107,37.43417953750842,-0.1847795375084189,0.16107,0,0,0,0,0,402743,0.706970109961791,0.10491011863382857,-0.4971498726941338,-1.0992098640220962,-1.4513923821334587,3.709939197740475,-3.668676684716224,0.35014048683848514,0.35014048683848514,1.8694531901316664,0.8685889638065035,3,5.127654456682699,0.003018861815662035,-5.6248043293768335,5.6248043293768335,0.0,0.0003699257057752853,-1.0101286828918608,0.1847795375084189
PS15cku,21.0939,3.5876,0.02222,35.0537,0.229702,34.82194542409553,0.2317545759044676,0.229702,28865,108741,414552,1627902,3478963,9159650,5.167356717247999,5.141307434985525,5.120430189661626,5.112418659491901,5.0900575525979646,5.066789045177042,0.37934508093828356,-0.031217546245600688,0.031217546245600688,0.03578891435273615,0.020838846571003145,6,5.048268722476303,0.09352965965238004,0.07216146718532279,0.07216146718532279,0.0,0.0007850446887738611,-0.8287379971738282,0.2317545759044676
PS15cms,149.646,0.743,0.06603,37.3617,0.203312,37.25364603138919,0.108053968610811,0.203312,17589,67867,257132,1015040,2258622,6362002,4.9522359494192525,4.936575169803167,4.9130079441206815,4.907273720802641,4.902451364199298,4.908503988196613,0.2298768481208656,-0.016089226723042676,0.016089226723042676,0.01982348221808957,0.02113652758195979,5,4.895644414921468,0.01646432391465596,0.0173635291992138,0.0173635291992138,0.0,0.0,-1.0589606579942572,0.108053968610811
PS15cwx,78.6992,7.0504,0.03007,35.4164,0.184841,35.4911709690624,-0.0747709690623992,0.184841,0,0,0,0,0,0,0.706970109961791,0.10491011863382857,-0.4971498726941338,-1.0992098640220962,-1.4513923821334587,-1.8950898813661714,-3.668676684716224,-0.8685889638065037,0.8685889638065037,0.9818347962932731,0.8685889638065035,3,2.782747148959873,2.888576196932018,-3.2798970216540067,3.2798970216540067,0.0,0.0,2.384155677489637,0.0747709690623992
PS15cze,56.8476,0.8772,0.03891,36.5486,0.234635,36.06446448590831,0.4841355140916903,0.234635,0,0,24824,229840,624196,2447058,0.706970109961791,0.10491011863382857,3.897739384473285,4.262217638509033,4.343929294905601,4.49355455920161,-0.5017245143551124,1.5625329586070085,1.5625329586070085,2.003469605364142,2.998863471187177,5,3.888494632970984,2.4548854787621526,0.009244751502300641,0.009244751502300641,2.0,0.0015591743177038072,4.734178212878401,0.4841355140916903
PS16ayd,216.826,-1.6753,0.05485,36.8581,0.149593,36.83421035945601,0.0238896405439916,0.149593,18429,72569,283016,1122043,2534099,7023779,4.972495445180865,4.965667241715371,4.954662650407719,4.950800023720264,4.952431366768849,4.951481018701246,0.2598931818126298,-0.007342235244295613,0.007342235244295613,0.009003924338078867,0.010724430836678043,4,4.778578978196461,0.29611836660440943,0.17608367221125754,0.17608367221125754,0.0,0.0,-0.7237086047176473,0.0238896405439916
PS16bnz,155.154,-2.4668,0.06398,37.0786,0.154429,37.18213522961179,-0.1035352296117864,0.154429,15234,59742,245902,1020224,2357588,6486741,4.889812568520483,4.881197145585115,4.893613954440265,4.909486097428531,4.921075714389083,4.916936743524967,0.21590156134653107,0.012752570874129808,0.012752570874129808,0.016091279312217086,0.020406165268221768,5,4.8995232128575505,0.018072353590555406,-0.005909258417285734,0.005909258417285734,0.0,0.0,-1.0570329359939246,0.1035352296117864
PS16ccn,273.122,31.2799,0.02395,35.1784,0.189112,34.98747125754999,0.1909287424500121,0.189112,24341,101541,406314,1520780,3208932,7744998,5.093326368049761,5.111555831773813,5.111712982851525,5.08285681397607,5.054968267329121,4.993931484654875,0.3730634716846007,-0.030900579065547808,0.030900579065547808,0.04484345870599532,0.02070196532759355,8,4.291863039098611,1.9507152377396302,0.8198499437529145,0.8198499437529145,4.0,0.0,6.452198192387477,0.1909287424500121
PS16cvc,318.097,14.7793,0.02844,35.6948,0.183345,35.36761415329569,0.3271858467043103,0.183345,24249,100760,401357,1566864,3257514,7343375,5.091681852900074,5.108202587625911,5.106382051205749,5.095821715547493,5.0614940420676575,4.970805884420911,0.36922200843996833,-0.03299537211864842,0.03299537211864842,0.05253051667471075,0.008930911374706968,3,4.321017402175465,1.1649470074238593,0.7853646490302841,0.7853646490302841,0.0,0.0,0.3178518282326722,0.3271858467043103
PS16dnp,344.915,2.1498,0.04998,36.8583,0.163226,36.62498532069562,0.2333146793043781,0.163226,20924,83942,325128,1306211,2933475,8132424,5.027635576627088,5.028894604836008,5.014905835584741,5.01680380522797,5.01599015728775,5.015130185394195,0.3033043521247577,-0.004862871328426627,0.004862871328426627,0.00653158325552084,0.00872166831744944,4,5.006902973670858,0.14149348859971064,0.008002861913882775,0.008002861913882775,0.0,0.005367329837809986,0.03330643182913173,0.2333146793043781
PS17bii,171.409,7.3336,0.07467,37.4501,0.192118,37.53332131387807,-0.0832213138780701,0.192118,14669,59814,244083,962976,2198321,6189703,4.873400223805073,4.881720225704841,4.890389439130045,4.884406050420849,4.890698924052698,4.896579999602196,0.21357797930327277,0.006457503798403889,0.006457503798403889,0.008156678351726008,0.0019374129992408597,3,4.9027628081787,0.00974336106964064,-0.012373369048654936,0.012373369048654936,0.0,0.0,-1.0670178152308036,0.0832213138780701
PSNJ1602512,240.714,47.2248,0.02039,34.556,0.333904,34.63242787128218,-0.0764278712821848,0.333904,9479,47787,197686,796771,1768404,4941691,4.683778447299857,4.784228973654739,4.798828238127394,4.802124199773118,4.796189352029206,4.798785792344802,0.147599082619285,0.030890823440452245,0.030890823440452245,0.046243791543775996,0.012908676988286271,5,4.9132817922794905,0.15094297014990027,-0.11445355415209679,0.11445355415209679,2.0,0.0,1.6984334727918018,0.0764278712821848
SCP05D0,35.4253,-3.3648,1.01236,44.1177,0.367085,43.98437482555363,0.1333251744463695,0.367085,26495,107666,429131,1735799,3854712,10698871,5.130150425066577,5.136992730808147,5.135441028007842,5.140289820009531,5.134599666360838,5.134248110337792,0.39016187387611745,0.0010923955645790837,0.0010923955645790837,0.00334357807042793,0.002378347120102582,0,,,,,0.0,0.0,,0.1333251744463695
SN2016ajf,49.9771,41.565,0.01978,34.7627,0.339971,34.56551026667485,0.1971897333251533,0.339971,0,0,0,0,0,0,0.706970109961791,0.10491011863382857,-0.4971498726941338,-1.0992098640220962,-1.4513923821334587,-1.8950898813661714,-3.668676684716224,-0.8685889638065037,0.8685889638065037,0.9818347962932731,0.8685889638065035,3,1.311094472900267,3.131971079068638,-1.8082443455944008,1.8082443455944008,0.0,0.0,2.6759398877534784,0.1971897333251533
SN2016ayg,112.572,25.0321,0.04328,36.4165,0.166064,36.30227797826974,0.1142220217302565,0.166064,19519,79820,316352,1272401,2801732,6486468,4.997449923292464,5.007027282970852,5.003022084568769,5.005414479050986,4.9960343633231785,4.916918465491321,0.29474093473928353,-0.018676945857588556,0.018676945857588556,0.03491888494256169,0.001163392108558769,1,-0.4971498726941338,0.0,5.5001719572629035,5.5001719572629035,0.0,0.0,-1.0786982535788243,0.1142220217302565
SN2016gfr,274.898,23.7862,0.0163,33.8985,0.245383,34.139806469590724,-0.2413064695907252,0.245383,0,9866,79162,322023,943120,3599378,0.706970109961791,4.0990952468361455,4.401372371389467,4.408678376242516,4.52317503304414,4.661137697140757,-0.13880716020825387,1.0460172646431811,1.0460172646431811,1.5266283236813727,0.22331702276872875,8,3.7134135210297203,2.5989150679575532,0.6879588503597467,0.6879588503597467,4.0,0.0010663173847516617,7.416487656413579,0.2413064695907252
SN2016glp,354.058,23.696,0.08366,37.9686,0.221594,37.7931733593061,0.1754266406938995,0.221594,16317,63292,251862,1019647,2271126,6318895,4.919637038755214,4.906265799749484,4.904014499345165,4.909240407699081,4.904849038240854,4.905551326189967,0.22339618210535808,-0.0034148020682380686,0.0034148020682380686,0.005854415323148433,0.002145726068736502,3,5.046868326798383,0.13790542991178434,-0.14285382745321762,0.14285382745321762,0.0,0.00130077536602095,-0.6849893201472834,0.1754266406938995
SN2016glz,1.4732,8.4302,0.03975,35.9918,0.210464,36.11213207598336,-0.120332075983363,0.210464,11835,48532,216266,869538,2029479,6041158,4.780175066450386,4.79094725608917,4.837840383169925,4.840079201448267,4.855992393681246,4.8860303849068965,0.17571118970170943,0.03434506498099368,0.03434506498099368,0.039913172605697204,0.03544120695939825,6,4.966974202284837,0.1493828596714526,-0.12913381911491228,0.12913381911491228,2.0,0.001718283567499758,1.998254658191169,0.120332075983363
SN2016gmb,8.6861,-6.1589,0.05708,36.9545,0.182842,36.92408263965429,0.0304173603457087,0.182842,26560,101871,393079,1487861,3158158,8649776,5.1312145317988245,5.112964951153595,5.097331074685853,5.073352788009129,5.048041608986674,5.041915029691952,0.3626998851152847,-0.03135626447610407,0.03135626447610407,0.035842152924970005,0.028574135663702777,4,5.109984771726814,0.06403920184544093,-0.012653697040961198,0.012653697040961198,0.0,0.012309464639352617,1.1593342284341102,0.0304173603457087
SN2016hhv,353.952,20.7088,0.06067,37.1383,0.198009,37.06187950886636,0.0764204911336463,0.198009,17550,64617,242548,989771,2199451,6257545,4.9512719761829675,4.9152636306192985,4.88764961572836,4.896325299721081,4.890922106406021,4.90131416947865,0.2116036656947511,-0.015884073210759287,0.015884073210759287,0.02369563860104392,0.01366111803478639,2,4.959460167464953,0.07841201582984128,-0.07181055173659256,0.07181055173659256,0.0,0.00130077536602095,-0.7563106178319879,0.0764204911336463
SN2017ckx,117.045,28.2307,0.02779,35.6596,0.251383,35.31639524605592,0.3432047539440788,0.251383,22524,81543,300047,1173524,2605033,7131399,5.059634909612892,5.016302129837774,4.980040863584256,4.970282481933306,4.964421013799982,4.9580849153285875,0.27818069319149985,-0.03284361317715152,0.03284361317715152,0.03921437672194561,0.03319615890761616,5,3.7617488942559505,2.381908147570584,1.2182919693283059,1.2182919693283059,0.0,0.0,1.7767569707006245,0.3432047539440788
SN2017coa,132.48,56.099,0.04045,36.4104,0.307187,36.15111120135376,0.2592887986462386,0.307187,11123,44666,185336,747470,1651072,4578336,4.753231090153913,4.754896903270477,4.770812256240284,4.774384483764618,4.766373893307593,4.765617875485628,0.1274107981255448,0.005221413240958642,0.005221413240958642,0.008497577948885952,0.014057317868911188,3,4.762590225764812,0.011964022725867244,0.008222030475472764,0.008222030475472764,0.0,0.0,-1.0643556639072538,0.2592887986462386
SN2017hn,196.914,6.3376,0.02492,35.0621,0.190177,35.07520500767222,-0.0131050076722161,0.190177,16710,68005,269790,1109231,2446033,6670509,4.9299725491722,4.937457349750916,4.933877585186114,4.945812525934357,4.937070107324682,4.929069158205316,0.24491548759489543,0.0007469062299050061,0.0007469062299050061,0.006118400295911009,0.006026985622801356,6,4.91869970453914,0.01324927372371135,0.015177880646973563,0.015177880646973563,0.0,0.0,-1.0628148922028338,0.0131050076722161
SN2017jl,14.3829,30.1852,0.01529,33.7706,0.30219,33.99930114641883,-0.2287011464188282,0.30219,13425,56464,235875,955664,2043658,5040269,4.834916752810693,4.856689451110409,4.875533881681021,4.88109581680176,4.859016050046937,4.807363920232002,0.2028730816022936,-0.0037734447724036566,0.0037734447724036566,0.027403293739694263,0.017605471374517245,8,2.8504704211812593,2.7725433157536132,2.025063460499762,2.025063460499762,0.0,0.0,2.2450543032040637,0.2287011464188282
SN2017ms,156.676,36.6805,0.02538,35.1181,0.200181,35.11564349748436,0.0024565025156348,0.200181,11278,45854,187890,762557,1704317,4787368,4.75924070661854,4.766296816415599,4.776756105150149,4.783063017599335,4.78015824864947,4.7850070218808956,0.1316939288494179,0.008628572041935305,0.008628572041935305,0.010187242091036879,0.012094257651161263,6,4.84262161781299,0.072141193805358,-0.06586551266284157,0.06586551266284157,0.0,0.0,-0.9922146715198896,0.0024565025156348
Spock,189.277,62.2533,0.83973,43.2012,0.390423,43.48835106005191,-0.2871510600519045,0.390423,10950,42808,177653,704749,1563137,4399033,4.746423888923528,4.7364452016525735,4.752425117675376,4.748825220521544,4.742604938811435,4.7482674372725056,0.1141610471130702,0.001273337999153823,0.001273337999153823,0.005607783235855231,0.008930295914187886,1,4.752750128964388,0.0,-0.0003250112890125223,0.0003250112890125223,0.0,0.0,-1.0786982535788243,0.2871510600519045
carter,150.061,2.1924,1.54295,45.0902,0.371014,45.10435113174808,-0.014151131748072,0.371014,19002,72325,269801,1011069,2256885,6348478,4.985792278314479,4.964204565675309,4.933895292010708,4.905571360373393,4.902117240381906,4.907579805968166,0.24492824711243893,-0.029571062419268532,0.029571062419268532,0.03496737913497336,0.04229491726024955,0,,,,,0.0,0.0,,0.014151131748072
iPTF17dz,126.107,24.9978,0.09284,38.2226,0.493293,38.032352010055774,0.1902479899442255,0.493293,15949,64374,255800,1027855,2287373,6482560,4.909730797354991,4.913627360683076,4.9107523652344005,4.9127224113512415,4.90794479815176,4.9166567307452915,0.2282514805561019,0.0008894849767080947,0.0008894849767080947,0.0030968549245396233,0.0006527829566468619,3,4.820819847369669,0.07872753466559554,0.08993251786473166,0.08993251786473166,0.0,0.0,-0.984318900460274,0.1902479899442255
rutledge,215.2,53.0728,1.61499,45.1595,0.333024,45.22532356378403,-0.0658235637840292,0.333024,10337,43323,176046,714416,1651013,4604080,4.721406637793463,4.741638665796032,4.7484787560046176,4.754741916290575,4.766358373804664,4.768053074239625,0.1113173034082987,0.014963547635125432,0.014963547635125432,0.017353533499067184,0.009451997254001823,1,4.752750128964388,0.0,-0.004271372959770758,0.004271372959770758,0.0,0.0,-1.0786982535788243,0.0658235637840292
